wavelength,flux,ivar,model,targetid,clase_aprox,teff,logg,feh
4000.000000000091,0.0,0.0,0.0,39633278902208226,B,29999.0,7.0003,-10.0
4000.800000000091,0.0,0.0,0.0,39633278902208226,B,29999.0,7.0003,-10.0
4001.6000000000913,0.0,0.0,0.0,39633278902208226,B,29999.0,7.0003,-10.0
4002.4000000000915,0.0,0.0,0.0,39633278902208226,B,29999.0,7.0003,-10.0
4003.2000000000917,0.0,0.0,0.0,39633278902208226,B,29999.0,7.0003,-10.0
4004.000000000092,0.0,0.0,0.0,39633278902208226,B,29999.0,7.0003,-10.0
4004.800000000092,0.0,0.0,0.0,39633278902208226,B,29999.0,7.0003,-10.0
4005.600000000092,0.0,0.0,0.0,39633278902208226,B,29999.0,7.0003,-10.0
4006.4000000000924,0.0,0.0,0.0,39633278902208226,B,29999.0,7.0003,-10.0
4007.2000000000926,0.0,0.0,0.0,39633278902208226,B,29999.0,7.0003,-10.0
4008.0000000000928,0.0,0.0,0.0,39633278902208226,B,29999.0,7.0003,-10.0
4008.800000000093,0.0,0.0,0.0,39633278902208226,B,29999.0,7.0003,-10.0
4009.600000000093,0.0,0.0,0.0,39633278902208226,B,29999.0,7.0003,-10.0
4010.4000000000933,0.0,0.0,0.0,39633278902208226,B,29999.0,7.0003,-10.0
4011.2000000000935,0.0,0.0,0.0,39633278902208226,B,29999.0,7.0003,-10.0
4012.0000000000937,0.0,0.0,0.0,39633278902208226,B,29999.0,7.0003,-10.0
4012.800000000094,0.0,0.0,0.0,39633278902208226,B,29999.0,7.0003,-10.0
4013.600000000094,0.0,0.0,0.0,39633278902208226,B,29999.0,7.0003,-10.0
4014.400000000094,0.0,0.0,0.0,39633278902208226,B,29999.0,7.0003,-10.0
4015.2000000000944,0.0,0.0,0.0,39633278902208226,B,29999.0,7.0003,-10.0
4016.0000000000946,0.0,0.0,0.0,39633278902208226,B,29999.0,7.0003,-10.0
4016.8000000000948,0.0,0.0,0.0,39633278902208226,B,29999.0,7.0003,-10.0
4017.600000000095,0.0,0.0,0.0,39633278902208226,B,29999.0,7.0003,-10.0
4018.400000000095,0.0,0.0,0.0,39633278902208226,B,29999.0,7.0003,-10.0
4019.2000000000953,0.0,0.0,0.0,39633278902208226,B,29999.0,7.0003,-10.0
4020.0000000000955,0.0,0.0,0.0,39633278902208226,B,29999.0,7.0003,-10.0
4020.8000000000957,0.0,0.0,0.0,39633278902208226,B,29999.0,7.0003,-10.0
4021.600000000096,0.0,0.0,0.0,39633278902208226,B,29999.0,7.0003,-10.0
4022.400000000096,0.0,0.0,0.0,39633278902208226,B,29999.0,7.0003,-10.0
4023.200000000096,0.0,0.0,0.0,39633278902208226,B,29999.0,7.0003,-10.0
4024.0000000000964,0.0,0.0,0.0,39633278902208226,B,29999.0,7.0003,-10.0
4024.8000000000966,0.0,0.0,0.0,39633278902208226,B,29999.0,7.0003,-10.0
4025.6000000000968,0.0,0.0,0.0,39633278902208226,B,29999.0,7.0003,-10.0
4026.400000000097,0.0,0.0,0.0,39633278902208226,B,29999.0,7.0003,-10.0
4027.200000000097,0.0,0.0,0.0,39633278902208226,B,29999.0,7.0003,-10.0
4028.0000000000973,0.0,0.0,0.0,39633278902208226,B,29999.0,7.0003,-10.0
4028.8000000000975,0.0,0.0,0.0,39633278902208226,B,29999.0,7.0003,-10.0
4029.6000000000977,0.0,0.0,0.0,39633278902208226,B,29999.0,7.0003,-10.0
4030.400000000098,0.0,0.0,0.0,39633278902208226,B,29999.0,7.0003,-10.0
4031.200000000098,0.0,0.0,0.0,39633278902208226,B,29999.0,7.0003,-10.0
4032.000000000098,0.0,0.0,0.0,39633278902208226,B,29999.0,7.0003,-10.0
4032.8000000000984,0.0,0.0,0.0,39633278902208226,B,29999.0,7.0003,-10.0
4033.6000000000986,0.0,0.0,0.0,39633278902208226,B,29999.0,7.0003,-10.0
4034.4000000000988,0.0,0.0,0.0,39633278902208226,B,29999.0,7.0003,-10.0
4035.200000000099,0.0,0.0,0.0,39633278902208226,B,29999.0,7.0003,-10.0
4036.000000000099,0.0,0.0,0.0,39633278902208226,B,29999.0,7.0003,-10.0
4036.8000000000993,0.0,0.0,0.0,39633278902208226,B,29999.0,7.0003,-10.0
4037.6000000000995,0.0,0.0,0.0,39633278902208226,B,29999.0,7.0003,-10.0
4038.4000000000997,0.0,0.0,0.0,39633278902208226,B,29999.0,7.0003,-10.0
4039.2000000001,0.0,0.0,0.0,39633278902208226,B,29999.0,7.0003,-10.0
4040.0000000001,0.0,0.0,0.0,39633278902208226,B,29999.0,7.0003,-10.0
4040.8000000001,0.0,0.0,0.0,39633278902208226,B,29999.0,7.0003,-10.0
4041.6000000001004,0.0,0.0,0.0,39633278902208226,B,29999.0,7.0003,-10.0
4042.4000000001006,0.0,0.0,0.0,39633278902208226,B,29999.0,7.0003,-10.0
4043.2000000001008,0.0,0.0,0.0,39633278902208226,B,29999.0,7.0003,-10.0
4044.000000000101,0.0,0.0,0.0,39633278902208226,B,29999.0,7.0003,-10.0
4044.800000000101,0.0,0.0,0.0,39633278902208226,B,29999.0,7.0003,-10.0
4045.6000000001013,0.0,0.0,0.0,39633278902208226,B,29999.0,7.0003,-10.0
4046.4000000001015,0.0,0.0,0.0,39633278902208226,B,29999.0,7.0003,-10.0
4047.2000000001017,0.0,0.0,0.0,39633278902208226,B,29999.0,7.0003,-10.0
4048.000000000102,0.0,0.0,0.0,39633278902208226,B,29999.0,7.0003,-10.0
4048.800000000102,0.0,0.0,0.0,39633278902208226,B,29999.0,7.0003,-10.0
4049.600000000102,0.0,0.0,0.0,39633278902208226,B,29999.0,7.0003,-10.0
4050.4000000001024,0.0,0.0,0.0,39633278902208226,B,29999.0,7.0003,-10.0
4051.2000000001026,0.0,0.0,0.0,39633278902208226,B,29999.0,7.0003,-10.0
4052.000000000103,0.0,0.0,0.0,39633278902208226,B,29999.0,7.0003,-10.0
4052.800000000103,0.0,0.0,0.0,39633278902208226,B,29999.0,7.0003,-10.0
4053.600000000103,0.0,0.0,0.0,39633278902208226,B,29999.0,7.0003,-10.0
4054.4000000001033,0.0,0.0,0.0,39633278902208226,B,29999.0,7.0003,-10.0
4055.2000000001035,0.0,0.0,0.0,39633278902208226,B,29999.0,7.0003,-10.0
4056.0000000001037,0.0,0.0,0.0,39633278902208226,B,29999.0,7.0003,-10.0
4056.800000000104,0.0,0.0,0.0,39633278902208226,B,29999.0,7.0003,-10.0
4057.600000000104,0.0,0.0,0.0,39633278902208226,B,29999.0,7.0003,-10.0
4058.4000000001042,0.0,0.0,0.0,39633278902208226,B,29999.0,7.0003,-10.0
4059.2000000001044,0.0,0.0,0.0,39633278902208226,B,29999.0,7.0003,-10.0
4060.0000000001046,0.0,0.0,0.0,39633278902208226,B,29999.0,7.0003,-10.0
4060.800000000105,0.0,0.0,0.0,39633278902208226,B,29999.0,7.0003,-10.0
4061.600000000105,0.0,0.0,0.0,39633278902208226,B,29999.0,7.0003,-10.0
4062.400000000105,0.0,0.0,0.0,39633278902208226,B,29999.0,7.0003,-10.0
4063.2000000001053,0.0,0.0,0.0,39633278902208226,B,29999.0,7.0003,-10.0
4064.0000000001055,0.0,0.0,0.0,39633278902208226,B,29999.0,7.0003,-10.0
4064.8000000001057,0.0,0.0,0.0,39633278902208226,B,29999.0,7.0003,-10.0
4065.600000000106,0.0,0.0,0.0,39633278902208226,B,29999.0,7.0003,-10.0
4066.400000000106,0.0,0.0,0.0,39633278902208226,B,29999.0,7.0003,-10.0
4067.2000000001062,0.0,0.0,0.0,39633278902208226,B,29999.0,7.0003,-10.0
4068.0000000001064,0.0,0.0,0.0,39633278902208226,B,29999.0,7.0003,-10.0
4068.8000000001066,0.0,0.0,0.0,39633278902208226,B,29999.0,7.0003,-10.0
4069.600000000107,0.0,0.0,0.0,39633278902208226,B,29999.0,7.0003,-10.0
4070.400000000107,0.0,0.0,0.0,39633278902208226,B,29999.0,7.0003,-10.0
4071.200000000107,0.0,0.0,0.0,39633278902208226,B,29999.0,7.0003,-10.0
4072.0000000001073,0.0,0.0,0.0,39633278902208226,B,29999.0,7.0003,-10.0
4072.8000000001075,0.0,0.0,0.0,39633278902208226,B,29999.0,7.0003,-10.0
4073.6000000001077,0.0,0.0,0.0,39633278902208226,B,29999.0,7.0003,-10.0
4074.400000000108,0.0,0.0,0.0,39633278902208226,B,29999.0,7.0003,-10.0
4075.200000000108,0.0,0.0,0.0,39633278902208226,B,29999.0,7.0003,-10.0
4076.0000000001082,0.0,0.0,0.0,39633278902208226,B,29999.0,7.0003,-10.0
4076.8000000001084,0.0,0.0,0.0,39633278902208226,B,29999.0,7.0003,-10.0
4077.6000000001086,0.0,0.0,0.0,39633278902208226,B,29999.0,7.0003,-10.0
4078.400000000109,0.0,0.0,0.0,39633278902208226,B,29999.0,7.0003,-10.0
4079.200000000109,0.0,0.0,0.0,39633278902208226,B,29999.0,7.0003,-10.0
4080.000000000109,0.0,0.0,0.0,39633278902208226,B,29999.0,7.0003,-10.0
4080.8000000001093,0.0,0.0,0.0,39633278902208226,B,29999.0,7.0003,-10.0
4081.6000000001095,0.0,0.0,0.0,39633278902208226,B,29999.0,7.0003,-10.0
4082.4000000001097,0.0,0.0,0.0,39633278902208226,B,29999.0,7.0003,-10.0
4083.20000000011,0.0,0.0,0.0,39633278902208226,B,29999.0,7.0003,-10.0
4084.00000000011,0.0,0.0,0.0,39633278902208226,B,29999.0,7.0003,-10.0
4084.8000000001102,0.0,0.0,0.0,39633278902208226,B,29999.0,7.0003,-10.0
4085.6000000001104,0.0,0.0,0.0,39633278902208226,B,29999.0,7.0003,-10.0
4086.4000000001106,0.0,0.0,0.0,39633278902208226,B,29999.0,7.0003,-10.0
4087.200000000111,0.0,0.0,0.0,39633278902208226,B,29999.0,7.0003,-10.0
4088.000000000111,0.0,0.0,0.0,39633278902208226,B,29999.0,7.0003,-10.0
4088.800000000111,0.0,0.0,0.0,39633278902208226,B,29999.0,7.0003,-10.0
4089.6000000001113,0.0,0.0,0.0,39633278902208226,B,29999.0,7.0003,-10.0
4090.4000000001115,0.0,0.0,0.0,39633278902208226,B,29999.0,7.0003,-10.0
4091.2000000001117,0.0,0.0,0.0,39633278902208226,B,29999.0,7.0003,-10.0
4092.000000000112,0.0,0.0,0.0,39633278902208226,B,29999.0,7.0003,-10.0
4092.800000000112,0.0,0.0,0.0,39633278902208226,B,29999.0,7.0003,-10.0
4093.6000000001122,0.0,0.0,0.0,39633278902208226,B,29999.0,7.0003,-10.0
4094.4000000001124,0.0,0.0,0.0,39633278902208226,B,29999.0,7.0003,-10.0
4095.2000000001126,0.0,0.0,0.0,39633278902208226,B,29999.0,7.0003,-10.0
4096.000000000113,0.0,0.0,0.0,39633278902208226,B,29999.0,7.0003,-10.0
4096.800000000113,0.0,0.0,0.0,39633278902208226,B,29999.0,7.0003,-10.0
4097.600000000113,0.0,0.0,0.0,39633278902208226,B,29999.0,7.0003,-10.0
4098.400000000113,0.0,0.0,0.0,39633278902208226,B,29999.0,7.0003,-10.0
4099.2000000001135,0.0,0.0,0.0,39633278902208226,B,29999.0,7.0003,-10.0
4100.000000000114,0.0,0.0,0.0,39633278902208226,B,29999.0,7.0003,-10.0
4100.800000000114,0.0,0.0,0.0,39633278902208226,B,29999.0,7.0003,-10.0
4101.600000000114,0.0,0.0,0.0,39633278902208226,B,29999.0,7.0003,-10.0
4102.400000000114,0.0,0.0,0.0,39633278902208226,B,29999.0,7.0003,-10.0
4103.200000000114,0.0,0.0,0.0,39633278902208226,B,29999.0,7.0003,-10.0
4104.000000000115,0.0,0.0,0.0,39633278902208226,B,29999.0,7.0003,-10.0
4104.800000000115,0.0,0.0,0.0,39633278902208226,B,29999.0,7.0003,-10.0
4105.600000000115,0.0,0.0,0.0,39633278902208226,B,29999.0,7.0003,-10.0
4106.400000000115,0.0,0.0,0.0,39633278902208226,B,29999.0,7.0003,-10.0
4107.200000000115,0.0,0.0,0.0,39633278902208226,B,29999.0,7.0003,-10.0
4108.0000000001155,0.0,0.0,0.0,39633278902208226,B,29999.0,7.0003,-10.0
4108.800000000116,0.0,0.0,0.0,39633278902208226,B,29999.0,7.0003,-10.0
4109.600000000116,0.0,0.0,0.0,39633278902208226,B,29999.0,7.0003,-10.0
4110.400000000116,0.0,0.0,0.0,39633278902208226,B,29999.0,7.0003,-10.0
4111.200000000116,0.0,0.0,0.0,39633278902208226,B,29999.0,7.0003,-10.0
4112.000000000116,0.0,0.0,0.0,39633278902208226,B,29999.0,7.0003,-10.0
4112.800000000117,0.0,0.0,0.0,39633278902208226,B,29999.0,7.0003,-10.0
4113.600000000117,0.0,0.0,0.0,39633278902208226,B,29999.0,7.0003,-10.0
4114.400000000117,0.0,0.0,0.0,39633278902208226,B,29999.0,7.0003,-10.0
4115.200000000117,0.0,0.0,0.0,39633278902208226,B,29999.0,7.0003,-10.0
4116.000000000117,0.0,0.0,0.0,39633278902208226,B,29999.0,7.0003,-10.0
4116.8000000001175,0.0,0.0,0.0,39633278902208226,B,29999.0,7.0003,-10.0
4117.600000000118,0.0,0.0,0.0,39633278902208226,B,29999.0,7.0003,-10.0
4118.400000000118,0.0,0.0,0.0,39633278902208226,B,29999.0,7.0003,-10.0
4119.200000000118,0.0,0.0,0.0,39633278902208226,B,29999.0,7.0003,-10.0
4120.000000000118,0.0,0.0,0.0,39633278902208226,B,29999.0,7.0003,-10.0
4120.800000000118,0.0,0.0,0.0,39633278902208226,B,29999.0,7.0003,-10.0
4121.600000000119,0.0,0.0,0.0,39633278902208226,B,29999.0,7.0003,-10.0
4122.400000000119,0.0,0.0,0.0,39633278902208226,B,29999.0,7.0003,-10.0
4123.200000000119,0.0,0.0,0.0,39633278902208226,B,29999.0,7.0003,-10.0
4124.000000000119,0.0,0.0,0.0,39633278902208226,B,29999.0,7.0003,-10.0
4124.800000000119,0.0,0.0,0.0,39633278902208226,B,29999.0,7.0003,-10.0
4125.6000000001195,0.0,0.0,0.0,39633278902208226,B,29999.0,7.0003,-10.0
4126.40000000012,0.0,0.0,0.0,39633278902208226,B,29999.0,7.0003,-10.0
4127.20000000012,0.0,0.0,0.0,39633278902208226,B,29999.0,7.0003,-10.0
4128.00000000012,0.0,0.0,0.0,39633278902208226,B,29999.0,7.0003,-10.0
4128.80000000012,0.0,0.0,0.0,39633278902208226,B,29999.0,7.0003,-10.0
4129.60000000012,0.0,0.0,0.0,39633278902208226,B,29999.0,7.0003,-10.0
4130.400000000121,0.0,0.0,0.0,39633278902208226,B,29999.0,7.0003,-10.0
4131.200000000121,0.0,0.0,0.0,39633278902208226,B,29999.0,7.0003,-10.0
4132.000000000121,0.0,0.0,0.0,39633278902208226,B,29999.0,7.0003,-10.0
4132.800000000121,0.0,0.0,0.0,39633278902208226,B,29999.0,7.0003,-10.0
4133.600000000121,0.0,0.0,0.0,39633278902208226,B,29999.0,7.0003,-10.0
4134.4000000001215,0.0,0.0,0.0,39633278902208226,B,29999.0,7.0003,-10.0
4135.200000000122,0.0,0.0,0.0,39633278902208226,B,29999.0,7.0003,-10.0
4136.000000000122,0.0,0.0,0.0,39633278902208226,B,29999.0,7.0003,-10.0
4136.800000000122,0.0,0.0,0.0,39633278902208226,B,29999.0,7.0003,-10.0
4137.600000000122,0.0,0.0,0.0,39633278902208226,B,29999.0,7.0003,-10.0
4138.400000000122,0.0,0.0,0.0,39633278902208226,B,29999.0,7.0003,-10.0
4139.200000000123,0.0,0.0,0.0,39633278902208226,B,29999.0,7.0003,-10.0
4140.000000000123,0.0,0.0,0.0,39633278902208226,B,29999.0,7.0003,-10.0
4140.800000000123,0.0,0.0,0.0,39633278902208226,B,29999.0,7.0003,-10.0
4141.600000000123,0.0,0.0,0.0,39633278902208226,B,29999.0,7.0003,-10.0
4142.400000000123,0.0,0.0,0.0,39633278902208226,B,29999.0,7.0003,-10.0
4143.2000000001235,0.0,0.0,0.0,39633278902208226,B,29999.0,7.0003,-10.0
4144.000000000124,0.0,0.0,0.0,39633278902208226,B,29999.0,7.0003,-10.0
4144.800000000124,0.0,0.0,0.0,39633278902208226,B,29999.0,7.0003,-10.0
4145.600000000124,0.0,0.0,0.0,39633278902208226,B,29999.0,7.0003,-10.0
4146.400000000124,0.0,0.0,0.0,39633278902208226,B,29999.0,7.0003,-10.0
4147.200000000124,0.0,0.0,0.0,39633278902208226,B,29999.0,7.0003,-10.0
4148.000000000125,0.0,0.0,0.0,39633278902208226,B,29999.0,7.0003,-10.0
4148.800000000125,0.0,0.0,0.0,39633278902208226,B,29999.0,7.0003,-10.0
4149.600000000125,0.0,0.0,0.0,39633278902208226,B,29999.0,7.0003,-10.0
4150.400000000125,0.0,0.0,0.0,39633278902208226,B,29999.0,7.0003,-10.0
4151.200000000125,0.0,0.0,0.0,39633278902208226,B,29999.0,7.0003,-10.0
4152.0000000001255,0.0,0.0,0.0,39633278902208226,B,29999.0,7.0003,-10.0
4152.800000000126,0.0,0.0,0.0,39633278902208226,B,29999.0,7.0003,-10.0
4153.600000000126,0.0,0.0,0.0,39633278902208226,B,29999.0,7.0003,-10.0
4154.400000000126,0.0,0.0,0.0,39633278902208226,B,29999.0,7.0003,-10.0
4155.200000000126,0.0,0.0,0.0,39633278902208226,B,29999.0,7.0003,-10.0
4156.000000000126,0.0,0.0,0.0,39633278902208226,B,29999.0,7.0003,-10.0
4156.800000000127,0.0,0.0,0.0,39633278902208226,B,29999.0,7.0003,-10.0
4157.600000000127,0.0,0.0,0.0,39633278902208226,B,29999.0,7.0003,-10.0
4158.400000000127,0.0,0.0,0.0,39633278902208226,B,29999.0,7.0003,-10.0
4159.200000000127,0.0,0.0,0.0,39633278902208226,B,29999.0,7.0003,-10.0
4160.000000000127,0.0,0.0,0.0,39633278902208226,B,29999.0,7.0003,-10.0
4160.8000000001275,0.0,0.0,0.0,39633278902208226,B,29999.0,7.0003,-10.0
4161.600000000128,0.0,0.0,0.0,39633278902208226,B,29999.0,7.0003,-10.0
4162.400000000128,0.0,0.0,0.0,39633278902208226,B,29999.0,7.0003,-10.0
4163.200000000128,0.0,0.0,0.0,39633278902208226,B,29999.0,7.0003,-10.0
4164.000000000128,0.0,0.0,0.0,39633278902208226,B,29999.0,7.0003,-10.0
4164.800000000128,0.0,0.0,0.0,39633278902208226,B,29999.0,7.0003,-10.0
4165.600000000129,0.0,0.0,0.0,39633278902208226,B,29999.0,7.0003,-10.0
4166.400000000129,0.0,0.0,0.0,39633278902208226,B,29999.0,7.0003,-10.0
4167.200000000129,0.0,0.0,0.0,39633278902208226,B,29999.0,7.0003,-10.0
4168.000000000129,0.0,0.0,0.0,39633278902208226,B,29999.0,7.0003,-10.0
4168.800000000129,0.0,0.0,0.0,39633278902208226,B,29999.0,7.0003,-10.0
4169.6000000001295,0.0,0.0,0.0,39633278902208226,B,29999.0,7.0003,-10.0
4170.40000000013,0.0,0.0,0.0,39633278902208226,B,29999.0,7.0003,-10.0
4171.20000000013,0.0,0.0,0.0,39633278902208226,B,29999.0,7.0003,-10.0
4172.00000000013,0.0,0.0,0.0,39633278902208226,B,29999.0,7.0003,-10.0
4172.80000000013,0.0,0.0,0.0,39633278902208226,B,29999.0,7.0003,-10.0
4173.60000000013,0.0,0.0,0.0,39633278902208226,B,29999.0,7.0003,-10.0
4174.400000000131,0.0,0.0,0.0,39633278902208226,B,29999.0,7.0003,-10.0
4175.200000000131,0.0,0.0,0.0,39633278902208226,B,29999.0,7.0003,-10.0
4176.000000000131,0.0,0.0,0.0,39633278902208226,B,29999.0,7.0003,-10.0
4176.800000000131,0.0,0.0,0.0,39633278902208226,B,29999.0,7.0003,-10.0
4177.600000000131,0.0,0.0,0.0,39633278902208226,B,29999.0,7.0003,-10.0
4178.4000000001315,0.0,0.0,0.0,39633278902208226,B,29999.0,7.0003,-10.0
4179.200000000132,0.0,0.0,0.0,39633278902208226,B,29999.0,7.0003,-10.0
4180.000000000132,0.0,0.0,0.0,39633278902208226,B,29999.0,7.0003,-10.0
4180.800000000132,0.0,0.0,0.0,39633278902208226,B,29999.0,7.0003,-10.0
4181.600000000132,0.0,0.0,0.0,39633278902208226,B,29999.0,7.0003,-10.0
4182.400000000132,0.0,0.0,0.0,39633278902208226,B,29999.0,7.0003,-10.0
4183.200000000133,0.0,0.0,0.0,39633278902208226,B,29999.0,7.0003,-10.0
4184.000000000133,0.0,0.0,0.0,39633278902208226,B,29999.0,7.0003,-10.0
4184.800000000133,0.0,0.0,0.0,39633278902208226,B,29999.0,7.0003,-10.0
4185.600000000133,0.0,0.0,0.0,39633278902208226,B,29999.0,7.0003,-10.0
4186.400000000133,0.0,0.0,0.0,39633278902208226,B,29999.0,7.0003,-10.0
4187.2000000001335,0.0,0.0,0.0,39633278902208226,B,29999.0,7.0003,-10.0
4188.000000000134,0.0,0.0,0.0,39633278902208226,B,29999.0,7.0003,-10.0
4188.800000000134,0.0,0.0,0.0,39633278902208226,B,29999.0,7.0003,-10.0
4189.600000000134,0.0,0.0,0.0,39633278902208226,B,29999.0,7.0003,-10.0
4190.400000000134,0.0,0.0,0.0,39633278902208226,B,29999.0,7.0003,-10.0
4191.200000000134,0.0,0.0,0.0,39633278902208226,B,29999.0,7.0003,-10.0
4192.000000000135,0.0,0.0,0.0,39633278902208226,B,29999.0,7.0003,-10.0
4192.800000000135,0.0,0.0,0.0,39633278902208226,B,29999.0,7.0003,-10.0
4193.600000000135,0.0,0.0,0.0,39633278902208226,B,29999.0,7.0003,-10.0
4194.400000000135,0.0,0.0,0.0,39633278902208226,B,29999.0,7.0003,-10.0
4195.200000000135,0.0,0.0,0.0,39633278902208226,B,29999.0,7.0003,-10.0
4196.0000000001355,0.0,0.0,0.0,39633278902208226,B,29999.0,7.0003,-10.0
4196.800000000136,0.0,0.0,0.0,39633278902208226,B,29999.0,7.0003,-10.0
4197.600000000136,0.0,0.0,0.0,39633278902208226,B,29999.0,7.0003,-10.0
4198.400000000136,0.0,0.0,0.0,39633278902208226,B,29999.0,7.0003,-10.0
4199.200000000136,0.0,0.0,0.0,39633278902208226,B,29999.0,7.0003,-10.0
4200.000000000136,0.0,0.0,0.0,39633278902208226,B,29999.0,7.0003,-10.0
4200.800000000137,0.0,0.0,0.0,39633278902208226,B,29999.0,7.0003,-10.0
4201.600000000137,0.0,0.0,0.0,39633278902208226,B,29999.0,7.0003,-10.0
4202.400000000137,0.0,0.0,0.0,39633278902208226,B,29999.0,7.0003,-10.0
4203.200000000137,0.0,0.0,0.0,39633278902208226,B,29999.0,7.0003,-10.0
4204.000000000137,0.0,0.0,0.0,39633278902208226,B,29999.0,7.0003,-10.0
4204.8000000001375,0.0,0.0,0.0,39633278902208226,B,29999.0,7.0003,-10.0
4205.600000000138,0.0,0.0,0.0,39633278902208226,B,29999.0,7.0003,-10.0
4206.400000000138,0.0,0.0,0.0,39633278902208226,B,29999.0,7.0003,-10.0
4207.200000000138,0.0,0.0,0.0,39633278902208226,B,29999.0,7.0003,-10.0
4208.000000000138,0.0,0.0,0.0,39633278902208226,B,29999.0,7.0003,-10.0
4208.800000000138,0.0,0.0,0.0,39633278902208226,B,29999.0,7.0003,-10.0
4209.600000000139,0.0,0.0,0.0,39633278902208226,B,29999.0,7.0003,-10.0
4210.400000000139,0.0,0.0,0.0,39633278902208226,B,29999.0,7.0003,-10.0
4211.200000000139,0.0,0.0,0.0,39633278902208226,B,29999.0,7.0003,-10.0
4212.000000000139,0.0,0.0,0.0,39633278902208226,B,29999.0,7.0003,-10.0
4212.800000000139,0.0,0.0,0.0,39633278902208226,B,29999.0,7.0003,-10.0
4213.6000000001395,0.0,0.0,0.0,39633278902208226,B,29999.0,7.0003,-10.0
4214.40000000014,0.0,0.0,0.0,39633278902208226,B,29999.0,7.0003,-10.0
4215.20000000014,0.0,0.0,0.0,39633278902208226,B,29999.0,7.0003,-10.0
4216.00000000014,0.0,0.0,0.0,39633278902208226,B,29999.0,7.0003,-10.0
4216.80000000014,0.0,0.0,0.0,39633278902208226,B,29999.0,7.0003,-10.0
4217.60000000014,0.0,0.0,0.0,39633278902208226,B,29999.0,7.0003,-10.0
4218.400000000141,0.0,0.0,0.0,39633278902208226,B,29999.0,7.0003,-10.0
4219.200000000141,0.0,0.0,0.0,39633278902208226,B,29999.0,7.0003,-10.0
4220.000000000141,0.0,0.0,0.0,39633278902208226,B,29999.0,7.0003,-10.0
4220.800000000141,0.0,0.0,0.0,39633278902208226,B,29999.0,7.0003,-10.0
4221.600000000141,0.0,0.0,0.0,39633278902208226,B,29999.0,7.0003,-10.0
4222.4000000001415,0.0,0.0,0.0,39633278902208226,B,29999.0,7.0003,-10.0
4223.200000000142,0.0,0.0,0.0,39633278902208226,B,29999.0,7.0003,-10.0
4224.000000000142,0.0,0.0,0.0,39633278902208226,B,29999.0,7.0003,-10.0
4224.800000000142,0.0,0.0,0.0,39633278902208226,B,29999.0,7.0003,-10.0
4225.600000000142,0.0,0.0,0.0,39633278902208226,B,29999.0,7.0003,-10.0
4226.400000000142,0.0,0.0,0.0,39633278902208226,B,29999.0,7.0003,-10.0
4227.200000000143,0.0,0.0,0.0,39633278902208226,B,29999.0,7.0003,-10.0
4228.000000000143,0.0,0.0,0.0,39633278902208226,B,29999.0,7.0003,-10.0
4228.800000000143,0.0,0.0,0.0,39633278902208226,B,29999.0,7.0003,-10.0
4229.600000000143,0.0,0.0,0.0,39633278902208226,B,29999.0,7.0003,-10.0
4230.400000000143,0.0,0.0,0.0,39633278902208226,B,29999.0,7.0003,-10.0
4231.2000000001435,0.0,0.0,0.0,39633278902208226,B,29999.0,7.0003,-10.0
4232.000000000144,0.0,0.0,0.0,39633278902208226,B,29999.0,7.0003,-10.0
4232.800000000144,0.0,0.0,0.0,39633278902208226,B,29999.0,7.0003,-10.0
4233.600000000144,0.0,0.0,0.0,39633278902208226,B,29999.0,7.0003,-10.0
4234.400000000144,0.0,0.0,0.0,39633278902208226,B,29999.0,7.0003,-10.0
4235.200000000144,0.0,0.0,0.0,39633278902208226,B,29999.0,7.0003,-10.0
4236.000000000145,0.0,0.0,0.0,39633278902208226,B,29999.0,7.0003,-10.0
4236.800000000145,0.0,0.0,0.0,39633278902208226,B,29999.0,7.0003,-10.0
4237.600000000145,0.0,0.0,0.0,39633278902208226,B,29999.0,7.0003,-10.0
4238.400000000145,0.0,0.0,0.0,39633278902208226,B,29999.0,7.0003,-10.0
4239.200000000145,0.0,0.0,0.0,39633278902208226,B,29999.0,7.0003,-10.0
4240.0000000001455,0.0,0.0,0.0,39633278902208226,B,29999.0,7.0003,-10.0
4240.800000000146,0.0,0.0,0.0,39633278902208226,B,29999.0,7.0003,-10.0
4241.600000000146,0.0,0.0,0.0,39633278902208226,B,29999.0,7.0003,-10.0
4242.400000000146,0.0,0.0,0.0,39633278902208226,B,29999.0,7.0003,-10.0
4243.200000000146,0.0,0.0,0.0,39633278902208226,B,29999.0,7.0003,-10.0
4244.000000000146,0.0,0.0,0.0,39633278902208226,B,29999.0,7.0003,-10.0
4244.800000000147,0.0,0.0,0.0,39633278902208226,B,29999.0,7.0003,-10.0
4245.600000000147,0.0,0.0,0.0,39633278902208226,B,29999.0,7.0003,-10.0
4246.400000000147,0.0,0.0,0.0,39633278902208226,B,29999.0,7.0003,-10.0
4247.200000000147,0.0,0.0,0.0,39633278902208226,B,29999.0,7.0003,-10.0
4248.000000000147,0.0,0.0,0.0,39633278902208226,B,29999.0,7.0003,-10.0
4248.8000000001475,0.0,0.0,0.0,39633278902208226,B,29999.0,7.0003,-10.0
4249.600000000148,0.0,0.0,0.0,39633278902208226,B,29999.0,7.0003,-10.0
4250.400000000148,0.0,0.0,0.0,39633278902208226,B,29999.0,7.0003,-10.0
4251.200000000148,0.0,0.0,0.0,39633278902208226,B,29999.0,7.0003,-10.0
4252.000000000148,0.0,0.0,0.0,39633278902208226,B,29999.0,7.0003,-10.0
4252.800000000148,0.0,0.0,0.0,39633278902208226,B,29999.0,7.0003,-10.0
4253.600000000149,0.0,0.0,0.0,39633278902208226,B,29999.0,7.0003,-10.0
4254.400000000149,0.0,0.0,0.0,39633278902208226,B,29999.0,7.0003,-10.0
4255.200000000149,0.0,0.0,0.0,39633278902208226,B,29999.0,7.0003,-10.0
4256.000000000149,0.0,0.0,0.0,39633278902208226,B,29999.0,7.0003,-10.0
4256.800000000149,0.0,0.0,0.0,39633278902208226,B,29999.0,7.0003,-10.0
4257.6000000001495,0.0,0.0,0.0,39633278902208226,B,29999.0,7.0003,-10.0
4258.40000000015,0.0,0.0,0.0,39633278902208226,B,29999.0,7.0003,-10.0
4259.20000000015,0.0,0.0,0.0,39633278902208226,B,29999.0,7.0003,-10.0
4260.00000000015,0.0,0.0,0.0,39633278902208226,B,29999.0,7.0003,-10.0
4260.80000000015,0.0,0.0,0.0,39633278902208226,B,29999.0,7.0003,-10.0
4261.60000000015,0.0,0.0,0.0,39633278902208226,B,29999.0,7.0003,-10.0
4262.400000000151,0.0,0.0,0.0,39633278902208226,B,29999.0,7.0003,-10.0
4263.200000000151,0.0,0.0,0.0,39633278902208226,B,29999.0,7.0003,-10.0
4264.000000000151,0.0,0.0,0.0,39633278902208226,B,29999.0,7.0003,-10.0
4264.800000000151,0.0,0.0,0.0,39633278902208226,B,29999.0,7.0003,-10.0
4265.600000000151,0.0,0.0,0.0,39633278902208226,B,29999.0,7.0003,-10.0
4266.4000000001515,0.0,0.0,0.0,39633278902208226,B,29999.0,7.0003,-10.0
4267.200000000152,0.0,0.0,0.0,39633278902208226,B,29999.0,7.0003,-10.0
4268.000000000152,0.0,0.0,0.0,39633278902208226,B,29999.0,7.0003,-10.0
4268.800000000152,0.0,0.0,0.0,39633278902208226,B,29999.0,7.0003,-10.0
4269.600000000152,0.0,0.0,0.0,39633278902208226,B,29999.0,7.0003,-10.0
4270.400000000152,0.0,0.0,0.0,39633278902208226,B,29999.0,7.0003,-10.0
4271.200000000153,0.0,0.0,0.0,39633278902208226,B,29999.0,7.0003,-10.0
4272.000000000153,0.0,0.0,0.0,39633278902208226,B,29999.0,7.0003,-10.0
4272.800000000153,0.0,0.0,0.0,39633278902208226,B,29999.0,7.0003,-10.0
4273.600000000153,0.0,0.0,0.0,39633278902208226,B,29999.0,7.0003,-10.0
4274.400000000153,0.0,0.0,0.0,39633278902208226,B,29999.0,7.0003,-10.0
4275.2000000001535,0.0,0.0,0.0,39633278902208226,B,29999.0,7.0003,-10.0
4276.000000000154,0.0,0.0,0.0,39633278902208226,B,29999.0,7.0003,-10.0
4276.800000000154,0.0,0.0,0.0,39633278902208226,B,29999.0,7.0003,-10.0
4277.600000000154,0.0,0.0,0.0,39633278902208226,B,29999.0,7.0003,-10.0
4278.400000000154,0.0,0.0,0.0,39633278902208226,B,29999.0,7.0003,-10.0
4279.200000000154,0.0,0.0,0.0,39633278902208226,B,29999.0,7.0003,-10.0
4280.000000000155,0.0,0.0,0.0,39633278902208226,B,29999.0,7.0003,-10.0
4280.800000000155,0.0,0.0,0.0,39633278902208226,B,29999.0,7.0003,-10.0
4281.600000000155,0.0,0.0,0.0,39633278902208226,B,29999.0,7.0003,-10.0
4282.400000000155,0.0,0.0,0.0,39633278902208226,B,29999.0,7.0003,-10.0
4283.200000000155,0.0,0.0,0.0,39633278902208226,B,29999.0,7.0003,-10.0
4284.0000000001555,0.0,0.0,0.0,39633278902208226,B,29999.0,7.0003,-10.0
4284.800000000156,0.0,0.0,0.0,39633278902208226,B,29999.0,7.0003,-10.0
4285.600000000156,0.0,0.0,0.0,39633278902208226,B,29999.0,7.0003,-10.0
4286.400000000156,0.0,0.0,0.0,39633278902208226,B,29999.0,7.0003,-10.0
4287.200000000156,0.0,0.0,0.0,39633278902208226,B,29999.0,7.0003,-10.0
4288.000000000156,0.0,0.0,0.0,39633278902208226,B,29999.0,7.0003,-10.0
4288.800000000157,0.0,0.0,0.0,39633278902208226,B,29999.0,7.0003,-10.0
4289.600000000157,0.0,0.0,0.0,39633278902208226,B,29999.0,7.0003,-10.0
4290.400000000157,0.0,0.0,0.0,39633278902208226,B,29999.0,7.0003,-10.0
4291.200000000157,0.0,0.0,0.0,39633278902208226,B,29999.0,7.0003,-10.0
4292.000000000157,0.0,0.0,0.0,39633278902208226,B,29999.0,7.0003,-10.0
4292.8000000001575,0.0,0.0,0.0,39633278902208226,B,29999.0,7.0003,-10.0
4293.600000000158,0.0,0.0,0.0,39633278902208226,B,29999.0,7.0003,-10.0
4294.400000000158,0.0,0.0,0.0,39633278902208226,B,29999.0,7.0003,-10.0
4295.200000000158,0.0,0.0,0.0,39633278902208226,B,29999.0,7.0003,-10.0
4296.000000000158,0.0,0.0,0.0,39633278902208226,B,29999.0,7.0003,-10.0
4296.800000000158,0.0,0.0,0.0,39633278902208226,B,29999.0,7.0003,-10.0
4297.600000000159,0.0,0.0,0.0,39633278902208226,B,29999.0,7.0003,-10.0
4298.400000000159,0.0,0.0,0.0,39633278902208226,B,29999.0,7.0003,-10.0
4299.200000000159,0.0,0.0,0.0,39633278902208226,B,29999.0,7.0003,-10.0
4300.000000000159,0.0,0.0,0.0,39633278902208226,B,29999.0,7.0003,-10.0
4300.800000000159,0.0,0.0,0.0,39633278902208226,B,29999.0,7.0003,-10.0
4301.6000000001595,0.0,0.0,0.0,39633278902208226,B,29999.0,7.0003,-10.0
4302.40000000016,0.0,0.0,0.0,39633278902208226,B,29999.0,7.0003,-10.0
4303.20000000016,0.0,0.0,0.0,39633278902208226,B,29999.0,7.0003,-10.0
4304.00000000016,0.0,0.0,0.0,39633278902208226,B,29999.0,7.0003,-10.0
4304.80000000016,0.0,0.0,0.0,39633278902208226,B,29999.0,7.0003,-10.0
4305.60000000016,0.0,0.0,0.0,39633278902208226,B,29999.0,7.0003,-10.0
4306.400000000161,0.0,0.0,0.0,39633278902208226,B,29999.0,7.0003,-10.0
4307.200000000161,0.0,0.0,0.0,39633278902208226,B,29999.0,7.0003,-10.0
4308.000000000161,0.0,0.0,0.0,39633278902208226,B,29999.0,7.0003,-10.0
4308.800000000161,0.0,0.0,0.0,39633278902208226,B,29999.0,7.0003,-10.0
4309.600000000161,0.0,0.0,0.0,39633278902208226,B,29999.0,7.0003,-10.0
4310.4000000001615,0.0,0.0,0.0,39633278902208226,B,29999.0,7.0003,-10.0
4311.200000000162,0.0,0.0,0.0,39633278902208226,B,29999.0,7.0003,-10.0
4312.000000000162,0.0,0.0,0.0,39633278902208226,B,29999.0,7.0003,-10.0
4312.800000000162,0.0,0.0,0.0,39633278902208226,B,29999.0,7.0003,-10.0
4313.600000000162,0.0,0.0,0.0,39633278902208226,B,29999.0,7.0003,-10.0
4314.400000000162,0.0,0.0,0.0,39633278902208226,B,29999.0,7.0003,-10.0
4315.200000000163,0.0,0.0,0.0,39633278902208226,B,29999.0,7.0003,-10.0
4316.000000000163,0.0,0.0,0.0,39633278902208226,B,29999.0,7.0003,-10.0
4316.800000000163,0.0,0.0,0.0,39633278902208226,B,29999.0,7.0003,-10.0
4317.600000000163,0.0,0.0,0.0,39633278902208226,B,29999.0,7.0003,-10.0
4318.400000000163,0.0,0.0,0.0,39633278902208226,B,29999.0,7.0003,-10.0
4319.2000000001635,0.0,0.0,0.0,39633278902208226,B,29999.0,7.0003,-10.0
4320.000000000164,0.0,0.0,0.0,39633278902208226,B,29999.0,7.0003,-10.0
4320.800000000164,0.0,0.0,0.0,39633278902208226,B,29999.0,7.0003,-10.0
4321.600000000164,0.0,0.0,0.0,39633278902208226,B,29999.0,7.0003,-10.0
4322.400000000164,0.0,0.0,0.0,39633278902208226,B,29999.0,7.0003,-10.0
4323.200000000164,0.0,0.0,0.0,39633278902208226,B,29999.0,7.0003,-10.0
4324.000000000165,0.0,0.0,0.0,39633278902208226,B,29999.0,7.0003,-10.0
4324.800000000165,0.0,0.0,0.0,39633278902208226,B,29999.0,7.0003,-10.0
4325.600000000165,0.0,0.0,0.0,39633278902208226,B,29999.0,7.0003,-10.0
4326.400000000165,0.0,0.0,0.0,39633278902208226,B,29999.0,7.0003,-10.0
4327.200000000165,0.0,0.0,0.0,39633278902208226,B,29999.0,7.0003,-10.0
4328.0000000001655,0.0,0.0,0.0,39633278902208226,B,29999.0,7.0003,-10.0
4328.800000000166,0.0,0.0,0.0,39633278902208226,B,29999.0,7.0003,-10.0
4329.600000000166,0.0,0.0,0.0,39633278902208226,B,29999.0,7.0003,-10.0
4330.400000000166,0.0,0.0,0.0,39633278902208226,B,29999.0,7.0003,-10.0
4331.200000000166,0.0,0.0,0.0,39633278902208226,B,29999.0,7.0003,-10.0
4332.000000000166,0.0,0.0,0.0,39633278902208226,B,29999.0,7.0003,-10.0
4332.800000000167,0.0,0.0,0.0,39633278902208226,B,29999.0,7.0003,-10.0
4333.600000000167,0.0,0.0,0.0,39633278902208226,B,29999.0,7.0003,-10.0
4334.400000000167,0.0,0.0,0.0,39633278902208226,B,29999.0,7.0003,-10.0
4335.200000000167,0.0,0.0,0.0,39633278902208226,B,29999.0,7.0003,-10.0
4336.000000000167,0.0,0.0,0.0,39633278902208226,B,29999.0,7.0003,-10.0
4336.8000000001675,0.0,0.0,0.0,39633278902208226,B,29999.0,7.0003,-10.0
4337.600000000168,0.0,0.0,0.0,39633278902208226,B,29999.0,7.0003,-10.0
4338.400000000168,0.0,0.0,0.0,39633278902208226,B,29999.0,7.0003,-10.0
4339.200000000168,0.0,0.0,0.0,39633278902208226,B,29999.0,7.0003,-10.0
4340.000000000168,0.0,0.0,0.0,39633278902208226,B,29999.0,7.0003,-10.0
4340.800000000168,0.0,0.0,0.0,39633278902208226,B,29999.0,7.0003,-10.0
4341.600000000169,0.0,0.0,0.0,39633278902208226,B,29999.0,7.0003,-10.0
4342.400000000169,0.0,0.0,0.0,39633278902208226,B,29999.0,7.0003,-10.0
4343.200000000169,0.0,0.0,0.0,39633278902208226,B,29999.0,7.0003,-10.0
4344.000000000169,0.0,0.0,0.0,39633278902208226,B,29999.0,7.0003,-10.0
4344.800000000169,0.0,0.0,0.0,39633278902208226,B,29999.0,7.0003,-10.0
4345.6000000001695,0.0,0.0,0.0,39633278902208226,B,29999.0,7.0003,-10.0
4346.40000000017,0.0,0.0,0.0,39633278902208226,B,29999.0,7.0003,-10.0
4347.20000000017,0.0,0.0,0.0,39633278902208226,B,29999.0,7.0003,-10.0
4348.00000000017,0.0,0.0,0.0,39633278902208226,B,29999.0,7.0003,-10.0
4348.80000000017,0.0,0.0,0.0,39633278902208226,B,29999.0,7.0003,-10.0
4349.60000000017,0.0,0.0,0.0,39633278902208226,B,29999.0,7.0003,-10.0
4350.400000000171,0.0,0.0,0.0,39633278902208226,B,29999.0,7.0003,-10.0
4351.200000000171,0.0,0.0,0.0,39633278902208226,B,29999.0,7.0003,-10.0
4352.000000000171,0.0,0.0,0.0,39633278902208226,B,29999.0,7.0003,-10.0
4352.800000000171,0.0,0.0,0.0,39633278902208226,B,29999.0,7.0003,-10.0
4353.600000000171,0.0,0.0,0.0,39633278902208226,B,29999.0,7.0003,-10.0
4354.4000000001715,0.0,0.0,0.0,39633278902208226,B,29999.0,7.0003,-10.0
4355.200000000172,0.0,0.0,0.0,39633278902208226,B,29999.0,7.0003,-10.0
4356.000000000172,0.0,0.0,0.0,39633278902208226,B,29999.0,7.0003,-10.0
4356.800000000172,0.0,0.0,0.0,39633278902208226,B,29999.0,7.0003,-10.0
4357.600000000172,0.0,0.0,0.0,39633278902208226,B,29999.0,7.0003,-10.0
4358.400000000172,0.0,0.0,0.0,39633278902208226,B,29999.0,7.0003,-10.0
4359.200000000173,0.0,0.0,0.0,39633278902208226,B,29999.0,7.0003,-10.0
4360.000000000173,0.0,0.0,0.0,39633278902208226,B,29999.0,7.0003,-10.0
4360.800000000173,0.0,0.0,0.0,39633278902208226,B,29999.0,7.0003,-10.0
4361.600000000173,0.0,0.0,0.0,39633278902208226,B,29999.0,7.0003,-10.0
4362.400000000173,0.0,0.0,0.0,39633278902208226,B,29999.0,7.0003,-10.0
4363.2000000001735,0.0,0.0,0.0,39633278902208226,B,29999.0,7.0003,-10.0
4364.000000000174,0.0,0.0,0.0,39633278902208226,B,29999.0,7.0003,-10.0
4364.800000000174,0.0,0.0,0.0,39633278902208226,B,29999.0,7.0003,-10.0
4365.600000000174,0.0,0.0,0.0,39633278902208226,B,29999.0,7.0003,-10.0
4366.400000000174,0.0,0.0,0.0,39633278902208226,B,29999.0,7.0003,-10.0
4367.200000000174,0.0,0.0,0.0,39633278902208226,B,29999.0,7.0003,-10.0
4368.000000000175,0.0,0.0,0.0,39633278902208226,B,29999.0,7.0003,-10.0
4368.800000000175,0.0,0.0,0.0,39633278902208226,B,29999.0,7.0003,-10.0
4369.600000000175,0.0,0.0,0.0,39633278902208226,B,29999.0,7.0003,-10.0
4370.400000000175,0.0,0.0,0.0,39633278902208226,B,29999.0,7.0003,-10.0
4371.200000000175,0.0,0.0,0.0,39633278902208226,B,29999.0,7.0003,-10.0
4372.0000000001755,0.0,0.0,0.0,39633278902208226,B,29999.0,7.0003,-10.0
4372.800000000176,0.0,0.0,0.0,39633278902208226,B,29999.0,7.0003,-10.0
4373.600000000176,0.0,0.0,0.0,39633278902208226,B,29999.0,7.0003,-10.0
4374.400000000176,0.0,0.0,0.0,39633278902208226,B,29999.0,7.0003,-10.0
4375.200000000176,0.0,0.0,0.0,39633278902208226,B,29999.0,7.0003,-10.0
4376.000000000176,0.0,0.0,0.0,39633278902208226,B,29999.0,7.0003,-10.0
4376.800000000177,0.0,0.0,0.0,39633278902208226,B,29999.0,7.0003,-10.0
4377.600000000177,0.0,0.0,0.0,39633278902208226,B,29999.0,7.0003,-10.0
4378.400000000177,0.0,0.0,0.0,39633278902208226,B,29999.0,7.0003,-10.0
4379.200000000177,0.0,0.0,0.0,39633278902208226,B,29999.0,7.0003,-10.0
4380.000000000177,0.0,0.0,0.0,39633278902208226,B,29999.0,7.0003,-10.0
4380.8000000001775,0.0,0.0,0.0,39633278902208226,B,29999.0,7.0003,-10.0
4381.600000000178,0.0,0.0,0.0,39633278902208226,B,29999.0,7.0003,-10.0
4382.400000000178,0.0,0.0,0.0,39633278902208226,B,29999.0,7.0003,-10.0
4383.200000000178,0.0,0.0,0.0,39633278902208226,B,29999.0,7.0003,-10.0
4384.000000000178,0.0,0.0,0.0,39633278902208226,B,29999.0,7.0003,-10.0
4384.800000000178,0.0,0.0,0.0,39633278902208226,B,29999.0,7.0003,-10.0
4385.600000000179,0.0,0.0,0.0,39633278902208226,B,29999.0,7.0003,-10.0
4386.400000000179,0.0,0.0,0.0,39633278902208226,B,29999.0,7.0003,-10.0
4387.200000000179,0.0,0.0,0.0,39633278902208226,B,29999.0,7.0003,-10.0
4388.000000000179,0.0,0.0,0.0,39633278902208226,B,29999.0,7.0003,-10.0
4388.800000000179,0.0,0.0,0.0,39633278902208226,B,29999.0,7.0003,-10.0
4389.6000000001795,0.0,0.0,0.0,39633278902208226,B,29999.0,7.0003,-10.0
4390.40000000018,0.0,0.0,0.0,39633278902208226,B,29999.0,7.0003,-10.0
4391.20000000018,0.0,0.0,0.0,39633278902208226,B,29999.0,7.0003,-10.0
4392.00000000018,0.0,0.0,0.0,39633278902208226,B,29999.0,7.0003,-10.0
4392.80000000018,0.0,0.0,0.0,39633278902208226,B,29999.0,7.0003,-10.0
4393.60000000018,0.0,0.0,0.0,39633278902208226,B,29999.0,7.0003,-10.0
4394.400000000181,0.0,0.0,0.0,39633278902208226,B,29999.0,7.0003,-10.0
4395.200000000181,0.0,0.0,0.0,39633278902208226,B,29999.0,7.0003,-10.0
4396.000000000181,0.0,0.0,0.0,39633278902208226,B,29999.0,7.0003,-10.0
4396.800000000181,0.0,0.0,0.0,39633278902208226,B,29999.0,7.0003,-10.0
4397.600000000181,0.0,0.0,0.0,39633278902208226,B,29999.0,7.0003,-10.0
4398.4000000001815,0.0,0.0,0.0,39633278902208226,B,29999.0,7.0003,-10.0
4399.200000000182,0.0,0.0,0.0,39633278902208226,B,29999.0,7.0003,-10.0
4400.000000000182,0.0,0.0,0.0,39633278902208226,B,29999.0,7.0003,-10.0
4400.800000000182,0.0,0.0,0.0,39633278902208226,B,29999.0,7.0003,-10.0
4401.600000000182,0.0,0.0,0.0,39633278902208226,B,29999.0,7.0003,-10.0
4402.400000000182,0.0,0.0,0.0,39633278902208226,B,29999.0,7.0003,-10.0
4403.200000000183,0.0,0.0,0.0,39633278902208226,B,29999.0,7.0003,-10.0
4404.000000000183,0.0,0.0,0.0,39633278902208226,B,29999.0,7.0003,-10.0
4404.800000000183,0.0,0.0,0.0,39633278902208226,B,29999.0,7.0003,-10.0
4405.600000000183,0.0,0.0,0.0,39633278902208226,B,29999.0,7.0003,-10.0
4406.400000000183,0.0,0.0,0.0,39633278902208226,B,29999.0,7.0003,-10.0
4407.2000000001835,0.0,0.0,0.0,39633278902208226,B,29999.0,7.0003,-10.0
4408.000000000184,0.0,0.0,0.0,39633278902208226,B,29999.0,7.0003,-10.0
4408.800000000184,0.0,0.0,0.0,39633278902208226,B,29999.0,7.0003,-10.0
4409.600000000184,0.0,0.0,0.0,39633278902208226,B,29999.0,7.0003,-10.0
4410.400000000184,0.0,0.0,0.0,39633278902208226,B,29999.0,7.0003,-10.0
4411.200000000184,0.0,0.0,0.0,39633278902208226,B,29999.0,7.0003,-10.0
4412.000000000185,0.0,0.0,0.0,39633278902208226,B,29999.0,7.0003,-10.0
4412.800000000185,0.0,0.0,0.0,39633278902208226,B,29999.0,7.0003,-10.0
4413.600000000185,0.0,0.0,0.0,39633278902208226,B,29999.0,7.0003,-10.0
4414.400000000185,0.0,0.0,0.0,39633278902208226,B,29999.0,7.0003,-10.0
4415.200000000185,0.0,0.0,0.0,39633278902208226,B,29999.0,7.0003,-10.0
4416.0000000001855,0.0,0.0,0.0,39633278902208226,B,29999.0,7.0003,-10.0
4416.800000000186,0.0,0.0,0.0,39633278902208226,B,29999.0,7.0003,-10.0
4417.600000000186,0.0,0.0,0.0,39633278902208226,B,29999.0,7.0003,-10.0
4418.400000000186,0.0,0.0,0.0,39633278902208226,B,29999.0,7.0003,-10.0
4419.200000000186,0.0,0.0,0.0,39633278902208226,B,29999.0,7.0003,-10.0
4420.000000000186,0.0,0.0,0.0,39633278902208226,B,29999.0,7.0003,-10.0
4420.800000000187,0.0,0.0,0.0,39633278902208226,B,29999.0,7.0003,-10.0
4421.600000000187,0.0,0.0,0.0,39633278902208226,B,29999.0,7.0003,-10.0
4422.400000000187,0.0,0.0,0.0,39633278902208226,B,29999.0,7.0003,-10.0
4423.200000000187,0.0,0.0,0.0,39633278902208226,B,29999.0,7.0003,-10.0
4424.000000000187,0.0,0.0,0.0,39633278902208226,B,29999.0,7.0003,-10.0
4424.8000000001875,0.0,0.0,0.0,39633278902208226,B,29999.0,7.0003,-10.0
4425.600000000188,0.0,0.0,0.0,39633278902208226,B,29999.0,7.0003,-10.0
4426.400000000188,0.0,0.0,0.0,39633278902208226,B,29999.0,7.0003,-10.0
4427.200000000188,0.0,0.0,0.0,39633278902208226,B,29999.0,7.0003,-10.0
4428.000000000188,0.0,0.0,0.0,39633278902208226,B,29999.0,7.0003,-10.0
4428.800000000188,0.0,0.0,0.0,39633278902208226,B,29999.0,7.0003,-10.0
4429.600000000189,0.0,0.0,0.0,39633278902208226,B,29999.0,7.0003,-10.0
4430.400000000189,0.0,0.0,0.0,39633278902208226,B,29999.0,7.0003,-10.0
4431.200000000189,0.0,0.0,0.0,39633278902208226,B,29999.0,7.0003,-10.0
4432.000000000189,0.0,0.0,0.0,39633278902208226,B,29999.0,7.0003,-10.0
4432.800000000189,0.0,0.0,0.0,39633278902208226,B,29999.0,7.0003,-10.0
4433.6000000001895,0.0,0.0,0.0,39633278902208226,B,29999.0,7.0003,-10.0
4434.40000000019,0.0,0.0,0.0,39633278902208226,B,29999.0,7.0003,-10.0
4435.20000000019,0.0,0.0,0.0,39633278902208226,B,29999.0,7.0003,-10.0
4436.00000000019,0.0,0.0,0.0,39633278902208226,B,29999.0,7.0003,-10.0
4436.80000000019,0.0,0.0,0.0,39633278902208226,B,29999.0,7.0003,-10.0
4437.60000000019,0.0,0.0,0.0,39633278902208226,B,29999.0,7.0003,-10.0
4438.400000000191,0.0,0.0,0.0,39633278902208226,B,29999.0,7.0003,-10.0
4439.200000000191,0.0,0.0,0.0,39633278902208226,B,29999.0,7.0003,-10.0
4440.000000000191,0.0,0.0,0.0,39633278902208226,B,29999.0,7.0003,-10.0
4440.800000000191,0.0,0.0,0.0,39633278902208226,B,29999.0,7.0003,-10.0
4441.600000000191,0.0,0.0,0.0,39633278902208226,B,29999.0,7.0003,-10.0
4442.4000000001915,0.0,0.0,0.0,39633278902208226,B,29999.0,7.0003,-10.0
4443.200000000192,0.0,0.0,0.0,39633278902208226,B,29999.0,7.0003,-10.0
4444.000000000192,0.0,0.0,0.0,39633278902208226,B,29999.0,7.0003,-10.0
4444.800000000192,0.0,0.0,0.0,39633278902208226,B,29999.0,7.0003,-10.0
4445.600000000192,0.0,0.0,0.0,39633278902208226,B,29999.0,7.0003,-10.0
4446.400000000192,0.0,0.0,0.0,39633278902208226,B,29999.0,7.0003,-10.0
4447.200000000193,0.0,0.0,0.0,39633278902208226,B,29999.0,7.0003,-10.0
4448.000000000193,0.0,0.0,0.0,39633278902208226,B,29999.0,7.0003,-10.0
4448.800000000193,0.0,0.0,0.0,39633278902208226,B,29999.0,7.0003,-10.0
4449.600000000193,0.0,0.0,0.0,39633278902208226,B,29999.0,7.0003,-10.0
4450.400000000193,0.0,0.0,0.0,39633278902208226,B,29999.0,7.0003,-10.0
4451.2000000001935,0.0,0.0,0.0,39633278902208226,B,29999.0,7.0003,-10.0
4452.000000000194,0.0,0.0,0.0,39633278902208226,B,29999.0,7.0003,-10.0
4452.800000000194,0.0,0.0,0.0,39633278902208226,B,29999.0,7.0003,-10.0
4453.600000000194,0.0,0.0,0.0,39633278902208226,B,29999.0,7.0003,-10.0
4454.400000000194,0.0,0.0,0.0,39633278902208226,B,29999.0,7.0003,-10.0
4455.200000000194,0.0,0.0,0.0,39633278902208226,B,29999.0,7.0003,-10.0
4456.000000000195,0.0,0.0,0.0,39633278902208226,B,29999.0,7.0003,-10.0
4456.800000000195,0.0,0.0,0.0,39633278902208226,B,29999.0,7.0003,-10.0
4457.600000000195,0.0,0.0,0.0,39633278902208226,B,29999.0,7.0003,-10.0
4458.400000000195,0.0,0.0,0.0,39633278902208226,B,29999.0,7.0003,-10.0
4459.200000000195,0.0,0.0,0.0,39633278902208226,B,29999.0,7.0003,-10.0
4460.0000000001955,0.0,0.0,0.0,39633278902208226,B,29999.0,7.0003,-10.0
4460.800000000196,0.0,0.0,0.0,39633278902208226,B,29999.0,7.0003,-10.0
4461.600000000196,0.0,0.0,0.0,39633278902208226,B,29999.0,7.0003,-10.0
4462.400000000196,0.0,0.0,0.0,39633278902208226,B,29999.0,7.0003,-10.0
4463.200000000196,0.0,0.0,0.0,39633278902208226,B,29999.0,7.0003,-10.0
4464.000000000196,0.0,0.0,0.0,39633278902208226,B,29999.0,7.0003,-10.0
4464.800000000197,0.0,0.0,0.0,39633278902208226,B,29999.0,7.0003,-10.0
4465.600000000197,0.0,0.0,0.0,39633278902208226,B,29999.0,7.0003,-10.0
4466.400000000197,0.0,0.0,0.0,39633278902208226,B,29999.0,7.0003,-10.0
4467.200000000197,0.0,0.0,0.0,39633278902208226,B,29999.0,7.0003,-10.0
4468.000000000197,0.0,0.0,0.0,39633278902208226,B,29999.0,7.0003,-10.0
4468.8000000001975,0.0,0.0,0.0,39633278902208226,B,29999.0,7.0003,-10.0
4469.600000000198,0.0,0.0,0.0,39633278902208226,B,29999.0,7.0003,-10.0
4470.400000000198,0.0,0.0,0.0,39633278902208226,B,29999.0,7.0003,-10.0
4471.200000000198,0.0,0.0,0.0,39633278902208226,B,29999.0,7.0003,-10.0
4472.000000000198,0.0,0.0,0.0,39633278902208226,B,29999.0,7.0003,-10.0
4472.800000000198,0.0,0.0,0.0,39633278902208226,B,29999.0,7.0003,-10.0
4473.600000000199,0.0,0.0,0.0,39633278902208226,B,29999.0,7.0003,-10.0
4474.400000000199,0.0,0.0,0.0,39633278902208226,B,29999.0,7.0003,-10.0
4475.200000000199,0.0,0.0,0.0,39633278902208226,B,29999.0,7.0003,-10.0
4476.000000000199,0.0,0.0,0.0,39633278902208226,B,29999.0,7.0003,-10.0
4476.800000000199,0.0,0.0,0.0,39633278902208226,B,29999.0,7.0003,-10.0
4477.6000000001995,0.0,0.0,0.0,39633278902208226,B,29999.0,7.0003,-10.0
4478.4000000002,0.0,0.0,0.0,39633278902208226,B,29999.0,7.0003,-10.0
4479.2000000002,0.0,0.0,0.0,39633278902208226,B,29999.0,7.0003,-10.0
4480.0000000002,0.0,0.0,0.0,39633278902208226,B,29999.0,7.0003,-10.0
4480.8000000002,0.0,0.0,0.0,39633278902208226,B,29999.0,7.0003,-10.0
4481.6000000002,0.0,0.0,0.0,39633278902208226,B,29999.0,7.0003,-10.0
4482.400000000201,0.0,0.0,0.0,39633278902208226,B,29999.0,7.0003,-10.0
4483.200000000201,0.0,0.0,0.0,39633278902208226,B,29999.0,7.0003,-10.0
4484.000000000201,0.0,0.0,0.0,39633278902208226,B,29999.0,7.0003,-10.0
4484.800000000201,0.0,0.0,0.0,39633278902208226,B,29999.0,7.0003,-10.0
4485.600000000201,0.0,0.0,0.0,39633278902208226,B,29999.0,7.0003,-10.0
4486.4000000002015,0.0,0.0,0.0,39633278902208226,B,29999.0,7.0003,-10.0
4487.200000000202,0.0,0.0,0.0,39633278902208226,B,29999.0,7.0003,-10.0
4488.000000000202,0.0,0.0,0.0,39633278902208226,B,29999.0,7.0003,-10.0
4488.800000000202,0.0,0.0,0.0,39633278902208226,B,29999.0,7.0003,-10.0
4489.600000000202,0.0,0.0,0.0,39633278902208226,B,29999.0,7.0003,-10.0
4490.400000000202,0.0,0.0,0.0,39633278902208226,B,29999.0,7.0003,-10.0
4491.200000000203,0.0,0.0,0.0,39633278902208226,B,29999.0,7.0003,-10.0
4492.000000000203,0.0,0.0,0.0,39633278902208226,B,29999.0,7.0003,-10.0
4492.800000000203,0.0,0.0,0.0,39633278902208226,B,29999.0,7.0003,-10.0
4493.600000000203,0.0,0.0,0.0,39633278902208226,B,29999.0,7.0003,-10.0
4494.400000000203,0.0,0.0,0.0,39633278902208226,B,29999.0,7.0003,-10.0
4495.2000000002035,0.0,0.0,0.0,39633278902208226,B,29999.0,7.0003,-10.0
4496.000000000204,0.0,0.0,0.0,39633278902208226,B,29999.0,7.0003,-10.0
4496.800000000204,0.0,0.0,0.0,39633278902208226,B,29999.0,7.0003,-10.0
4497.600000000204,0.0,0.0,0.0,39633278902208226,B,29999.0,7.0003,-10.0
4498.400000000204,0.0,0.0,0.0,39633278902208226,B,29999.0,7.0003,-10.0
4499.200000000204,0.0,0.0,0.0,39633278902208226,B,29999.0,7.0003,-10.0
4500.000000000205,0.0,0.0,0.0,39633278902208226,B,29999.0,7.0003,-10.0
4500.800000000205,0.0,0.0,0.0,39633278902208226,B,29999.0,7.0003,-10.0
4501.600000000205,0.0,0.0,0.0,39633278902208226,B,29999.0,7.0003,-10.0
4502.400000000205,0.0,0.0,0.0,39633278902208226,B,29999.0,7.0003,-10.0
4503.200000000205,0.0,0.0,0.0,39633278902208226,B,29999.0,7.0003,-10.0
4504.000000000206,0.0,0.0,0.0,39633278902208226,B,29999.0,7.0003,-10.0
4504.800000000206,0.0,0.0,0.0,39633278902208226,B,29999.0,7.0003,-10.0
4505.600000000206,0.0,0.0,0.0,39633278902208226,B,29999.0,7.0003,-10.0
4506.400000000206,0.0,0.0,0.0,39633278902208226,B,29999.0,7.0003,-10.0
4507.200000000206,0.0,0.0,0.0,39633278902208226,B,29999.0,7.0003,-10.0
4508.0000000002065,0.0,0.0,0.0,39633278902208226,B,29999.0,7.0003,-10.0
4508.800000000207,0.0,0.0,0.0,39633278902208226,B,29999.0,7.0003,-10.0
4509.600000000207,0.0,0.0,0.0,39633278902208226,B,29999.0,7.0003,-10.0
4510.400000000207,0.0,0.0,0.0,39633278902208226,B,29999.0,7.0003,-10.0
4511.200000000207,0.0,0.0,0.0,39633278902208226,B,29999.0,7.0003,-10.0
4512.000000000207,0.0,0.0,0.0,39633278902208226,B,29999.0,7.0003,-10.0
4512.800000000208,0.0,0.0,0.0,39633278902208226,B,29999.0,7.0003,-10.0
4513.600000000208,0.0,0.0,0.0,39633278902208226,B,29999.0,7.0003,-10.0
4514.400000000208,0.0,0.0,0.0,39633278902208226,B,29999.0,7.0003,-10.0
4515.200000000208,0.0,0.0,0.0,39633278902208226,B,29999.0,7.0003,-10.0
4516.000000000208,0.0,0.0,0.0,39633278902208226,B,29999.0,7.0003,-10.0
4516.8000000002085,0.0,0.0,0.0,39633278902208226,B,29999.0,7.0003,-10.0
4517.600000000209,0.0,0.0,0.0,39633278902208226,B,29999.0,7.0003,-10.0
4518.400000000209,0.0,0.0,0.0,39633278902208226,B,29999.0,7.0003,-10.0
4519.200000000209,0.0,0.0,0.0,39633278902208226,B,29999.0,7.0003,-10.0
4520.000000000209,0.0,0.0,0.0,39633278902208226,B,29999.0,7.0003,-10.0
4520.800000000209,0.0,0.0,0.0,39633278902208226,B,29999.0,7.0003,-10.0
4521.60000000021,0.0,0.0,0.0,39633278902208226,B,29999.0,7.0003,-10.0
4522.40000000021,0.0,0.0,0.0,39633278902208226,B,29999.0,7.0003,-10.0
4523.20000000021,0.0,0.0,0.0,39633278902208226,B,29999.0,7.0003,-10.0
4524.00000000021,0.0,0.0,0.0,39633278902208226,B,29999.0,7.0003,-10.0
4524.80000000021,0.0,0.0,0.0,39633278902208226,B,29999.0,7.0003,-10.0
4525.6000000002105,0.0,0.0,0.0,39633278902208226,B,29999.0,7.0003,-10.0
4526.400000000211,0.0,0.0,0.0,39633278902208226,B,29999.0,7.0003,-10.0
4527.200000000211,0.0,0.0,0.0,39633278902208226,B,29999.0,7.0003,-10.0
4528.000000000211,0.0,0.0,0.0,39633278902208226,B,29999.0,7.0003,-10.0
4528.800000000211,0.0,0.0,0.0,39633278902208226,B,29999.0,7.0003,-10.0
4529.600000000211,0.0,0.0,0.0,39633278902208226,B,29999.0,7.0003,-10.0
4530.400000000212,0.0,0.0,0.0,39633278902208226,B,29999.0,7.0003,-10.0
4531.200000000212,0.0,0.0,0.0,39633278902208226,B,29999.0,7.0003,-10.0
4532.000000000212,0.0,0.0,0.0,39633278902208226,B,29999.0,7.0003,-10.0
4532.800000000212,0.0,0.0,0.0,39633278902208226,B,29999.0,7.0003,-10.0
4533.600000000212,0.0,0.0,0.0,39633278902208226,B,29999.0,7.0003,-10.0
4534.4000000002125,0.0,0.0,0.0,39633278902208226,B,29999.0,7.0003,-10.0
4535.200000000213,0.0,0.0,0.0,39633278902208226,B,29999.0,7.0003,-10.0
4536.000000000213,0.0,0.0,0.0,39633278902208226,B,29999.0,7.0003,-10.0
4536.800000000213,0.0,0.0,0.0,39633278902208226,B,29999.0,7.0003,-10.0
4537.600000000213,0.0,0.0,0.0,39633278902208226,B,29999.0,7.0003,-10.0
4538.400000000213,0.0,0.0,0.0,39633278902208226,B,29999.0,7.0003,-10.0
4539.200000000214,0.0,0.0,0.0,39633278902208226,B,29999.0,7.0003,-10.0
4540.000000000214,0.0,0.0,0.0,39633278902208226,B,29999.0,7.0003,-10.0
4540.800000000214,0.0,0.0,0.0,39633278902208226,B,29999.0,7.0003,-10.0
4541.600000000214,0.0,0.0,0.0,39633278902208226,B,29999.0,7.0003,-10.0
4542.400000000214,0.0,0.0,0.0,39633278902208226,B,29999.0,7.0003,-10.0
4543.2000000002145,0.0,0.0,0.0,39633278902208226,B,29999.0,7.0003,-10.0
4544.000000000215,0.0,0.0,0.0,39633278902208226,B,29999.0,7.0003,-10.0
4544.800000000215,0.0,0.0,0.0,39633278902208226,B,29999.0,7.0003,-10.0
4545.600000000215,0.0,0.0,0.0,39633278902208226,B,29999.0,7.0003,-10.0
4546.400000000215,0.0,0.0,0.0,39633278902208226,B,29999.0,7.0003,-10.0
4547.200000000215,0.0,0.0,0.0,39633278902208226,B,29999.0,7.0003,-10.0
4548.000000000216,0.0,0.0,0.0,39633278902208226,B,29999.0,7.0003,-10.0
4548.800000000216,0.0,0.0,0.0,39633278902208226,B,29999.0,7.0003,-10.0
4549.600000000216,0.0,0.0,0.0,39633278902208226,B,29999.0,7.0003,-10.0
4550.400000000216,0.0,0.0,0.0,39633278902208226,B,29999.0,7.0003,-10.0
4551.200000000216,0.0,0.0,0.0,39633278902208226,B,29999.0,7.0003,-10.0
4552.0000000002165,0.0,0.0,0.0,39633278902208226,B,29999.0,7.0003,-10.0
4552.800000000217,0.0,0.0,0.0,39633278902208226,B,29999.0,7.0003,-10.0
4553.600000000217,0.0,0.0,0.0,39633278902208226,B,29999.0,7.0003,-10.0
4554.400000000217,0.0,0.0,0.0,39633278902208226,B,29999.0,7.0003,-10.0
4555.200000000217,0.0,0.0,0.0,39633278902208226,B,29999.0,7.0003,-10.0
4556.000000000217,0.0,0.0,0.0,39633278902208226,B,29999.0,7.0003,-10.0
4556.800000000218,0.0,0.0,0.0,39633278902208226,B,29999.0,7.0003,-10.0
4557.600000000218,0.0,0.0,0.0,39633278902208226,B,29999.0,7.0003,-10.0
4558.400000000218,0.0,0.0,0.0,39633278902208226,B,29999.0,7.0003,-10.0
4559.200000000218,0.0,0.0,0.0,39633278902208226,B,29999.0,7.0003,-10.0
4560.000000000218,0.0,0.0,0.0,39633278902208226,B,29999.0,7.0003,-10.0
4560.8000000002185,0.0,0.0,0.0,39633278902208226,B,29999.0,7.0003,-10.0
4561.600000000219,0.0,0.0,0.0,39633278902208226,B,29999.0,7.0003,-10.0
4562.400000000219,0.0,0.0,0.0,39633278902208226,B,29999.0,7.0003,-10.0
4563.200000000219,0.0,0.0,0.0,39633278902208226,B,29999.0,7.0003,-10.0
4564.000000000219,0.0,0.0,0.0,39633278902208226,B,29999.0,7.0003,-10.0
4564.800000000219,0.0,0.0,0.0,39633278902208226,B,29999.0,7.0003,-10.0
4565.60000000022,0.0,0.0,0.0,39633278902208226,B,29999.0,7.0003,-10.0
4566.40000000022,0.0,0.0,0.0,39633278902208226,B,29999.0,7.0003,-10.0
4567.20000000022,0.0,0.0,0.0,39633278902208226,B,29999.0,7.0003,-10.0
4568.00000000022,0.0,0.0,0.0,39633278902208226,B,29999.0,7.0003,-10.0
4568.80000000022,0.0,0.0,0.0,39633278902208226,B,29999.0,7.0003,-10.0
4569.6000000002205,0.0,0.0,0.0,39633278902208226,B,29999.0,7.0003,-10.0
4570.400000000221,0.0,0.0,0.0,39633278902208226,B,29999.0,7.0003,-10.0
4571.200000000221,0.0,0.0,0.0,39633278902208226,B,29999.0,7.0003,-10.0
4572.000000000221,0.0,0.0,0.0,39633278902208226,B,29999.0,7.0003,-10.0
4572.800000000221,0.0,0.0,0.0,39633278902208226,B,29999.0,7.0003,-10.0
4573.600000000221,0.0,0.0,0.0,39633278902208226,B,29999.0,7.0003,-10.0
4574.400000000222,0.0,0.0,0.0,39633278902208226,B,29999.0,7.0003,-10.0
4575.200000000222,0.0,0.0,0.0,39633278902208226,B,29999.0,7.0003,-10.0
4576.000000000222,0.0,0.0,0.0,39633278902208226,B,29999.0,7.0003,-10.0
4576.800000000222,0.0,0.0,0.0,39633278902208226,B,29999.0,7.0003,-10.0
4577.600000000222,0.0,0.0,0.0,39633278902208226,B,29999.0,7.0003,-10.0
4578.4000000002225,0.0,0.0,0.0,39633278902208226,B,29999.0,7.0003,-10.0
4579.200000000223,0.0,0.0,0.0,39633278902208226,B,29999.0,7.0003,-10.0
4580.000000000223,0.0,0.0,0.0,39633278902208226,B,29999.0,7.0003,-10.0
4580.800000000223,0.0,0.0,0.0,39633278902208226,B,29999.0,7.0003,-10.0
4581.600000000223,0.0,0.0,0.0,39633278902208226,B,29999.0,7.0003,-10.0
4582.400000000223,0.0,0.0,0.0,39633278902208226,B,29999.0,7.0003,-10.0
4583.200000000224,0.0,0.0,0.0,39633278902208226,B,29999.0,7.0003,-10.0
4584.000000000224,0.0,0.0,0.0,39633278902208226,B,29999.0,7.0003,-10.0
4584.800000000224,0.0,0.0,0.0,39633278902208226,B,29999.0,7.0003,-10.0
4585.600000000224,0.0,0.0,0.0,39633278902208226,B,29999.0,7.0003,-10.0
4586.400000000224,0.0,0.0,0.0,39633278902208226,B,29999.0,7.0003,-10.0
4587.2000000002245,0.0,0.0,0.0,39633278902208226,B,29999.0,7.0003,-10.0
4588.000000000225,0.0,0.0,0.0,39633278902208226,B,29999.0,7.0003,-10.0
4588.800000000225,0.0,0.0,0.0,39633278902208226,B,29999.0,7.0003,-10.0
4589.600000000225,0.0,0.0,0.0,39633278902208226,B,29999.0,7.0003,-10.0
4590.400000000225,0.0,0.0,0.0,39633278902208226,B,29999.0,7.0003,-10.0
4591.200000000225,0.0,0.0,0.0,39633278902208226,B,29999.0,7.0003,-10.0
4592.000000000226,0.0,0.0,0.0,39633278902208226,B,29999.0,7.0003,-10.0
4592.800000000226,0.0,0.0,0.0,39633278902208226,B,29999.0,7.0003,-10.0
4593.600000000226,0.0,0.0,0.0,39633278902208226,B,29999.0,7.0003,-10.0
4594.400000000226,0.0,0.0,0.0,39633278902208226,B,29999.0,7.0003,-10.0
4595.200000000226,0.0,0.0,0.0,39633278902208226,B,29999.0,7.0003,-10.0
4596.0000000002265,0.0,0.0,0.0,39633278902208226,B,29999.0,7.0003,-10.0
4596.800000000227,0.0,0.0,0.0,39633278902208226,B,29999.0,7.0003,-10.0
4597.600000000227,0.0,0.0,0.0,39633278902208226,B,29999.0,7.0003,-10.0
4598.400000000227,0.0,0.0,0.0,39633278902208226,B,29999.0,7.0003,-10.0
4599.200000000227,0.0,0.0,0.0,39633278902208226,B,29999.0,7.0003,-10.0
4600.000000000227,0.0,0.0,0.0,39633278902208226,B,29999.0,7.0003,-10.0
4600.800000000228,0.0,0.0,0.0,39633278902208226,B,29999.0,7.0003,-10.0
4601.600000000228,0.0,0.0,0.0,39633278902208226,B,29999.0,7.0003,-10.0
4602.400000000228,0.0,0.0,0.0,39633278902208226,B,29999.0,7.0003,-10.0
4603.200000000228,0.0,0.0,0.0,39633278902208226,B,29999.0,7.0003,-10.0
4604.000000000228,0.0,0.0,0.0,39633278902208226,B,29999.0,7.0003,-10.0
4604.8000000002285,0.0,0.0,0.0,39633278902208226,B,29999.0,7.0003,-10.0
4605.600000000229,0.0,0.0,0.0,39633278902208226,B,29999.0,7.0003,-10.0
4606.400000000229,0.0,0.0,0.0,39633278902208226,B,29999.0,7.0003,-10.0
4607.200000000229,0.0,0.0,0.0,39633278902208226,B,29999.0,7.0003,-10.0
4608.000000000229,0.0,0.0,0.0,39633278902208226,B,29999.0,7.0003,-10.0
4608.800000000229,0.0,0.0,0.0,39633278902208226,B,29999.0,7.0003,-10.0
4609.60000000023,0.0,0.0,0.0,39633278902208226,B,29999.0,7.0003,-10.0
4610.40000000023,0.0,0.0,0.0,39633278902208226,B,29999.0,7.0003,-10.0
4611.20000000023,0.0,0.0,0.0,39633278902208226,B,29999.0,7.0003,-10.0
4612.00000000023,0.0,0.0,0.0,39633278902208226,B,29999.0,7.0003,-10.0
4612.80000000023,0.0,0.0,0.0,39633278902208226,B,29999.0,7.0003,-10.0
4613.6000000002305,0.0,0.0,0.0,39633278902208226,B,29999.0,7.0003,-10.0
4614.400000000231,0.0,0.0,0.0,39633278902208226,B,29999.0,7.0003,-10.0
4615.200000000231,0.0,0.0,0.0,39633278902208226,B,29999.0,7.0003,-10.0
4616.000000000231,0.0,0.0,0.0,39633278902208226,B,29999.0,7.0003,-10.0
4616.800000000231,0.0,0.0,0.0,39633278902208226,B,29999.0,7.0003,-10.0
4617.600000000231,0.0,0.0,0.0,39633278902208226,B,29999.0,7.0003,-10.0
4618.400000000232,0.0,0.0,0.0,39633278902208226,B,29999.0,7.0003,-10.0
4619.200000000232,0.0,0.0,0.0,39633278902208226,B,29999.0,7.0003,-10.0
4620.000000000232,0.0,0.0,0.0,39633278902208226,B,29999.0,7.0003,-10.0
4620.800000000232,0.0,0.0,0.0,39633278902208226,B,29999.0,7.0003,-10.0
4621.600000000232,0.0,0.0,0.0,39633278902208226,B,29999.0,7.0003,-10.0
4622.4000000002325,0.0,0.0,0.0,39633278902208226,B,29999.0,7.0003,-10.0
4623.200000000233,0.0,0.0,0.0,39633278902208226,B,29999.0,7.0003,-10.0
4624.000000000233,0.0,0.0,0.0,39633278902208226,B,29999.0,7.0003,-10.0
4624.800000000233,0.0,0.0,0.0,39633278902208226,B,29999.0,7.0003,-10.0
4625.600000000233,0.0,0.0,0.0,39633278902208226,B,29999.0,7.0003,-10.0
4626.400000000233,0.0,0.0,0.0,39633278902208226,B,29999.0,7.0003,-10.0
4627.200000000234,0.0,0.0,0.0,39633278902208226,B,29999.0,7.0003,-10.0
4628.000000000234,0.0,0.0,0.0,39633278902208226,B,29999.0,7.0003,-10.0
4628.800000000234,0.0,0.0,0.0,39633278902208226,B,29999.0,7.0003,-10.0
4629.600000000234,0.0,0.0,0.0,39633278902208226,B,29999.0,7.0003,-10.0
4630.400000000234,0.0,0.0,0.0,39633278902208226,B,29999.0,7.0003,-10.0
4631.2000000002345,0.0,0.0,0.0,39633278902208226,B,29999.0,7.0003,-10.0
4632.000000000235,0.0,0.0,0.0,39633278902208226,B,29999.0,7.0003,-10.0
4632.800000000235,0.0,0.0,0.0,39633278902208226,B,29999.0,7.0003,-10.0
4633.600000000235,0.0,0.0,0.0,39633278902208226,B,29999.0,7.0003,-10.0
4634.400000000235,0.0,0.0,0.0,39633278902208226,B,29999.0,7.0003,-10.0
4635.200000000235,0.0,0.0,0.0,39633278902208226,B,29999.0,7.0003,-10.0
4636.000000000236,0.0,0.0,0.0,39633278902208226,B,29999.0,7.0003,-10.0
4636.800000000236,0.0,0.0,0.0,39633278902208226,B,29999.0,7.0003,-10.0
4637.600000000236,0.0,0.0,0.0,39633278902208226,B,29999.0,7.0003,-10.0
4638.400000000236,0.0,0.0,0.0,39633278902208226,B,29999.0,7.0003,-10.0
4639.200000000236,0.0,0.0,0.0,39633278902208226,B,29999.0,7.0003,-10.0
4640.0000000002365,0.0,0.0,0.0,39633278902208226,B,29999.0,7.0003,-10.0
4640.800000000237,0.0,0.0,0.0,39633278902208226,B,29999.0,7.0003,-10.0
4641.600000000237,0.0,0.0,0.0,39633278902208226,B,29999.0,7.0003,-10.0
4642.400000000237,0.0,0.0,0.0,39633278902208226,B,29999.0,7.0003,-10.0
4643.200000000237,0.0,0.0,0.0,39633278902208226,B,29999.0,7.0003,-10.0
4644.000000000237,0.0,0.0,0.0,39633278902208226,B,29999.0,7.0003,-10.0
4644.800000000238,0.0,0.0,0.0,39633278902208226,B,29999.0,7.0003,-10.0
4645.600000000238,0.0,0.0,0.0,39633278902208226,B,29999.0,7.0003,-10.0
4646.400000000238,0.0,0.0,0.0,39633278902208226,B,29999.0,7.0003,-10.0
4647.200000000238,0.0,0.0,0.0,39633278902208226,B,29999.0,7.0003,-10.0
4648.000000000238,0.0,0.0,0.0,39633278902208226,B,29999.0,7.0003,-10.0
4648.8000000002385,0.0,0.0,0.0,39633278902208226,B,29999.0,7.0003,-10.0
4649.600000000239,0.0,0.0,0.0,39633278902208226,B,29999.0,7.0003,-10.0
4650.400000000239,0.0,0.0,0.0,39633278902208226,B,29999.0,7.0003,-10.0
4651.200000000239,0.0,0.0,0.0,39633278902208226,B,29999.0,7.0003,-10.0
4652.000000000239,0.0,0.0,0.0,39633278902208226,B,29999.0,7.0003,-10.0
4652.800000000239,0.0,0.0,0.0,39633278902208226,B,29999.0,7.0003,-10.0
4653.60000000024,0.0,0.0,0.0,39633278902208226,B,29999.0,7.0003,-10.0
4654.40000000024,0.0,0.0,0.0,39633278902208226,B,29999.0,7.0003,-10.0
4655.20000000024,0.0,0.0,0.0,39633278902208226,B,29999.0,7.0003,-10.0
4656.00000000024,0.0,0.0,0.0,39633278902208226,B,29999.0,7.0003,-10.0
4656.80000000024,0.0,0.0,0.0,39633278902208226,B,29999.0,7.0003,-10.0
4657.6000000002405,0.0,0.0,0.0,39633278902208226,B,29999.0,7.0003,-10.0
4658.400000000241,0.0,0.0,0.0,39633278902208226,B,29999.0,7.0003,-10.0
4659.200000000241,0.0,0.0,0.0,39633278902208226,B,29999.0,7.0003,-10.0
4660.000000000241,0.0,0.0,0.0,39633278902208226,B,29999.0,7.0003,-10.0
4660.800000000241,0.0,0.0,0.0,39633278902208226,B,29999.0,7.0003,-10.0
4661.600000000241,0.0,0.0,0.0,39633278902208226,B,29999.0,7.0003,-10.0
4662.400000000242,0.0,0.0,0.0,39633278902208226,B,29999.0,7.0003,-10.0
4663.200000000242,0.0,0.0,0.0,39633278902208226,B,29999.0,7.0003,-10.0
4664.000000000242,0.0,0.0,0.0,39633278902208226,B,29999.0,7.0003,-10.0
4664.800000000242,0.0,0.0,0.0,39633278902208226,B,29999.0,7.0003,-10.0
4665.600000000242,0.0,0.0,0.0,39633278902208226,B,29999.0,7.0003,-10.0
4666.4000000002425,0.0,0.0,0.0,39633278902208226,B,29999.0,7.0003,-10.0
4667.200000000243,0.0,0.0,0.0,39633278902208226,B,29999.0,7.0003,-10.0
4668.000000000243,0.0,0.0,0.0,39633278902208226,B,29999.0,7.0003,-10.0
4668.800000000243,0.0,0.0,0.0,39633278902208226,B,29999.0,7.0003,-10.0
4669.600000000243,0.0,0.0,0.0,39633278902208226,B,29999.0,7.0003,-10.0
4670.400000000243,0.0,0.0,0.0,39633278902208226,B,29999.0,7.0003,-10.0
4671.200000000244,0.0,0.0,0.0,39633278902208226,B,29999.0,7.0003,-10.0
4672.000000000244,0.0,0.0,0.0,39633278902208226,B,29999.0,7.0003,-10.0
4672.800000000244,0.0,0.0,0.0,39633278902208226,B,29999.0,7.0003,-10.0
4673.600000000244,0.0,0.0,0.0,39633278902208226,B,29999.0,7.0003,-10.0
4674.400000000244,0.0,0.0,0.0,39633278902208226,B,29999.0,7.0003,-10.0
4675.2000000002445,0.0,0.0,0.0,39633278902208226,B,29999.0,7.0003,-10.0
4676.000000000245,0.0,0.0,0.0,39633278902208226,B,29999.0,7.0003,-10.0
4676.800000000245,0.0,0.0,0.0,39633278902208226,B,29999.0,7.0003,-10.0
4677.600000000245,0.0,0.0,0.0,39633278902208226,B,29999.0,7.0003,-10.0
4678.400000000245,0.0,0.0,0.0,39633278902208226,B,29999.0,7.0003,-10.0
4679.200000000245,0.0,0.0,0.0,39633278902208226,B,29999.0,7.0003,-10.0
4680.000000000246,0.0,0.0,0.0,39633278902208226,B,29999.0,7.0003,-10.0
4680.800000000246,0.0,0.0,0.0,39633278902208226,B,29999.0,7.0003,-10.0
4681.600000000246,0.0,0.0,0.0,39633278902208226,B,29999.0,7.0003,-10.0
4682.400000000246,0.0,0.0,0.0,39633278902208226,B,29999.0,7.0003,-10.0
4683.200000000246,0.0,0.0,0.0,39633278902208226,B,29999.0,7.0003,-10.0
4684.0000000002465,0.0,0.0,0.0,39633278902208226,B,29999.0,7.0003,-10.0
4684.800000000247,0.0,0.0,0.0,39633278902208226,B,29999.0,7.0003,-10.0
4685.600000000247,0.0,0.0,0.0,39633278902208226,B,29999.0,7.0003,-10.0
4686.400000000247,0.0,0.0,0.0,39633278902208226,B,29999.0,7.0003,-10.0
4687.200000000247,0.0,0.0,0.0,39633278902208226,B,29999.0,7.0003,-10.0
4688.000000000247,0.0,0.0,0.0,39633278902208226,B,29999.0,7.0003,-10.0
4688.800000000248,0.0,0.0,0.0,39633278902208226,B,29999.0,7.0003,-10.0
4689.600000000248,0.0,0.0,0.0,39633278902208226,B,29999.0,7.0003,-10.0
4690.400000000248,0.0,0.0,0.0,39633278902208226,B,29999.0,7.0003,-10.0
4691.200000000248,0.0,0.0,0.0,39633278902208226,B,29999.0,7.0003,-10.0
4692.000000000248,0.0,0.0,0.0,39633278902208226,B,29999.0,7.0003,-10.0
4692.8000000002485,0.0,0.0,0.0,39633278902208226,B,29999.0,7.0003,-10.0
4693.600000000249,0.0,0.0,0.0,39633278902208226,B,29999.0,7.0003,-10.0
4694.400000000249,0.0,0.0,0.0,39633278902208226,B,29999.0,7.0003,-10.0
4695.200000000249,0.0,0.0,0.0,39633278902208226,B,29999.0,7.0003,-10.0
4696.000000000249,0.0,0.0,0.0,39633278902208226,B,29999.0,7.0003,-10.0
4696.800000000249,0.0,0.0,0.0,39633278902208226,B,29999.0,7.0003,-10.0
4697.60000000025,0.0,0.0,0.0,39633278902208226,B,29999.0,7.0003,-10.0
4698.40000000025,0.0,0.0,0.0,39633278902208226,B,29999.0,7.0003,-10.0
4699.20000000025,0.0,0.0,0.0,39633278902208226,B,29999.0,7.0003,-10.0
4700.00000000025,0.0,0.0,0.0,39633278902208226,B,29999.0,7.0003,-10.0
4700.80000000025,0.0,0.0,0.0,39633278902208226,B,29999.0,7.0003,-10.0
4701.6000000002505,0.0,0.0,0.0,39633278902208226,B,29999.0,7.0003,-10.0
4702.400000000251,0.0,0.0,0.0,39633278902208226,B,29999.0,7.0003,-10.0
4703.200000000251,0.0,0.0,0.0,39633278902208226,B,29999.0,7.0003,-10.0
4704.000000000251,0.0,0.0,0.0,39633278902208226,B,29999.0,7.0003,-10.0
4704.800000000251,0.0,0.0,0.0,39633278902208226,B,29999.0,7.0003,-10.0
4705.600000000251,0.0,0.0,0.0,39633278902208226,B,29999.0,7.0003,-10.0
4706.400000000252,0.0,0.0,0.0,39633278902208226,B,29999.0,7.0003,-10.0
4707.200000000252,0.0,0.0,0.0,39633278902208226,B,29999.0,7.0003,-10.0
4708.000000000252,0.0,0.0,0.0,39633278902208226,B,29999.0,7.0003,-10.0
4708.800000000252,0.0,0.0,0.0,39633278902208226,B,29999.0,7.0003,-10.0
4709.600000000252,0.0,0.0,0.0,39633278902208226,B,29999.0,7.0003,-10.0
4710.4000000002525,0.0,0.0,0.0,39633278902208226,B,29999.0,7.0003,-10.0
4711.200000000253,0.0,0.0,0.0,39633278902208226,B,29999.0,7.0003,-10.0
4712.000000000253,0.0,0.0,0.0,39633278902208226,B,29999.0,7.0003,-10.0
4712.800000000253,0.0,0.0,0.0,39633278902208226,B,29999.0,7.0003,-10.0
4713.600000000253,0.0,0.0,0.0,39633278902208226,B,29999.0,7.0003,-10.0
4714.400000000253,0.0,0.0,0.0,39633278902208226,B,29999.0,7.0003,-10.0
4715.200000000254,0.0,0.0,0.0,39633278902208226,B,29999.0,7.0003,-10.0
4716.000000000254,0.0,0.0,0.0,39633278902208226,B,29999.0,7.0003,-10.0
4716.800000000254,0.0,0.0,0.0,39633278902208226,B,29999.0,7.0003,-10.0
4717.600000000254,0.0,0.0,0.0,39633278902208226,B,29999.0,7.0003,-10.0
4718.400000000254,0.0,0.0,0.0,39633278902208226,B,29999.0,7.0003,-10.0
4719.2000000002545,0.0,0.0,0.0,39633278902208226,B,29999.0,7.0003,-10.0
4720.000000000255,0.0,0.0,0.0,39633278902208226,B,29999.0,7.0003,-10.0
4720.800000000255,0.0,0.0,0.0,39633278902208226,B,29999.0,7.0003,-10.0
4721.600000000255,0.0,0.0,0.0,39633278902208226,B,29999.0,7.0003,-10.0
4722.400000000255,0.0,0.0,0.0,39633278902208226,B,29999.0,7.0003,-10.0
4723.200000000255,0.0,0.0,0.0,39633278902208226,B,29999.0,7.0003,-10.0
4724.000000000256,0.0,0.0,0.0,39633278902208226,B,29999.0,7.0003,-10.0
4724.800000000256,0.0,0.0,0.0,39633278902208226,B,29999.0,7.0003,-10.0
4725.600000000256,0.0,0.0,0.0,39633278902208226,B,29999.0,7.0003,-10.0
4726.400000000256,0.0,0.0,0.0,39633278902208226,B,29999.0,7.0003,-10.0
4727.200000000256,0.0,0.0,0.0,39633278902208226,B,29999.0,7.0003,-10.0
4728.0000000002565,0.0,0.0,0.0,39633278902208226,B,29999.0,7.0003,-10.0
4728.800000000257,0.0,0.0,0.0,39633278902208226,B,29999.0,7.0003,-10.0
4729.600000000257,0.0,0.0,0.0,39633278902208226,B,29999.0,7.0003,-10.0
4730.400000000257,0.0,0.0,0.0,39633278902208226,B,29999.0,7.0003,-10.0
4731.200000000257,0.0,0.0,0.0,39633278902208226,B,29999.0,7.0003,-10.0
4732.000000000257,0.0,0.0,0.0,39633278902208226,B,29999.0,7.0003,-10.0
4732.800000000258,0.0,0.0,0.0,39633278902208226,B,29999.0,7.0003,-10.0
4733.600000000258,0.0,0.0,0.0,39633278902208226,B,29999.0,7.0003,-10.0
4734.400000000258,0.0,0.0,0.0,39633278902208226,B,29999.0,7.0003,-10.0
4735.200000000258,0.0,0.0,0.0,39633278902208226,B,29999.0,7.0003,-10.0
4736.000000000258,0.0,0.0,0.0,39633278902208226,B,29999.0,7.0003,-10.0
4736.8000000002585,0.0,0.0,0.0,39633278902208226,B,29999.0,7.0003,-10.0
4737.600000000259,0.0,0.0,0.0,39633278902208226,B,29999.0,7.0003,-10.0
4738.400000000259,0.0,0.0,0.0,39633278902208226,B,29999.0,7.0003,-10.0
4739.200000000259,0.0,0.0,0.0,39633278902208226,B,29999.0,7.0003,-10.0
4740.000000000259,0.0,0.0,0.0,39633278902208226,B,29999.0,7.0003,-10.0
4740.800000000259,0.0,0.0,0.0,39633278902208226,B,29999.0,7.0003,-10.0
4741.60000000026,0.0,0.0,0.0,39633278902208226,B,29999.0,7.0003,-10.0
4742.40000000026,0.0,0.0,0.0,39633278902208226,B,29999.0,7.0003,-10.0
4743.20000000026,0.0,0.0,0.0,39633278902208226,B,29999.0,7.0003,-10.0
4744.00000000026,0.0,0.0,0.0,39633278902208226,B,29999.0,7.0003,-10.0
4744.80000000026,0.0,0.0,0.0,39633278902208226,B,29999.0,7.0003,-10.0
4745.6000000002605,0.0,0.0,0.0,39633278902208226,B,29999.0,7.0003,-10.0
4746.400000000261,0.0,0.0,0.0,39633278902208226,B,29999.0,7.0003,-10.0
4747.200000000261,0.0,0.0,0.0,39633278902208226,B,29999.0,7.0003,-10.0
4748.000000000261,0.0,0.0,0.0,39633278902208226,B,29999.0,7.0003,-10.0
4748.800000000261,0.0,0.0,0.0,39633278902208226,B,29999.0,7.0003,-10.0
4749.600000000261,0.0,0.0,0.0,39633278902208226,B,29999.0,7.0003,-10.0
4750.400000000262,0.0,0.0,0.0,39633278902208226,B,29999.0,7.0003,-10.0
4751.200000000262,0.0,0.0,0.0,39633278902208226,B,29999.0,7.0003,-10.0
4752.000000000262,0.0,0.0,0.0,39633278902208226,B,29999.0,7.0003,-10.0
4752.800000000262,0.0,0.0,0.0,39633278902208226,B,29999.0,7.0003,-10.0
4753.600000000262,0.0,0.0,0.0,39633278902208226,B,29999.0,7.0003,-10.0
4754.4000000002625,0.0,0.0,0.0,39633278902208226,B,29999.0,7.0003,-10.0
4755.200000000263,0.0,0.0,0.0,39633278902208226,B,29999.0,7.0003,-10.0
4756.000000000263,0.0,0.0,0.0,39633278902208226,B,29999.0,7.0003,-10.0
4756.800000000263,0.0,0.0,0.0,39633278902208226,B,29999.0,7.0003,-10.0
4757.600000000263,0.0,0.0,0.0,39633278902208226,B,29999.0,7.0003,-10.0
4758.400000000263,0.0,0.0,0.0,39633278902208226,B,29999.0,7.0003,-10.0
4759.200000000264,0.0,0.0,0.0,39633278902208226,B,29999.0,7.0003,-10.0
4760.000000000264,0.0,0.0,0.0,39633278902208226,B,29999.0,7.0003,-10.0
4760.800000000264,0.0,0.0,0.0,39633278902208226,B,29999.0,7.0003,-10.0
4761.600000000264,0.0,0.0,0.0,39633278902208226,B,29999.0,7.0003,-10.0
4762.400000000264,0.0,0.0,0.0,39633278902208226,B,29999.0,7.0003,-10.0
4763.2000000002645,0.0,0.0,0.0,39633278902208226,B,29999.0,7.0003,-10.0
4764.000000000265,0.0,0.0,0.0,39633278902208226,B,29999.0,7.0003,-10.0
4764.800000000265,0.0,0.0,0.0,39633278902208226,B,29999.0,7.0003,-10.0
4765.600000000265,0.0,0.0,0.0,39633278902208226,B,29999.0,7.0003,-10.0
4766.400000000265,0.0,0.0,0.0,39633278902208226,B,29999.0,7.0003,-10.0
4767.200000000265,0.0,0.0,0.0,39633278902208226,B,29999.0,7.0003,-10.0
4768.000000000266,0.0,0.0,0.0,39633278902208226,B,29999.0,7.0003,-10.0
4768.800000000266,0.0,0.0,0.0,39633278902208226,B,29999.0,7.0003,-10.0
4769.600000000266,0.0,0.0,0.0,39633278902208226,B,29999.0,7.0003,-10.0
4770.400000000266,0.0,0.0,0.0,39633278902208226,B,29999.0,7.0003,-10.0
4771.200000000266,0.0,0.0,0.0,39633278902208226,B,29999.0,7.0003,-10.0
4772.0000000002665,0.0,0.0,0.0,39633278902208226,B,29999.0,7.0003,-10.0
4772.800000000267,0.0,0.0,0.0,39633278902208226,B,29999.0,7.0003,-10.0
4773.600000000267,0.0,0.0,0.0,39633278902208226,B,29999.0,7.0003,-10.0
4774.400000000267,0.0,0.0,0.0,39633278902208226,B,29999.0,7.0003,-10.0
4775.200000000267,0.0,0.0,0.0,39633278902208226,B,29999.0,7.0003,-10.0
4776.000000000267,0.0,0.0,0.0,39633278902208226,B,29999.0,7.0003,-10.0
4776.800000000268,0.0,0.0,0.0,39633278902208226,B,29999.0,7.0003,-10.0
4777.600000000268,0.0,0.0,0.0,39633278902208226,B,29999.0,7.0003,-10.0
4778.400000000268,0.0,0.0,0.0,39633278902208226,B,29999.0,7.0003,-10.0
4779.200000000268,0.0,0.0,0.0,39633278902208226,B,29999.0,7.0003,-10.0
4780.000000000268,0.0,0.0,0.0,39633278902208226,B,29999.0,7.0003,-10.0
4780.8000000002685,0.0,0.0,0.0,39633278902208226,B,29999.0,7.0003,-10.0
4781.600000000269,0.0,0.0,0.0,39633278902208226,B,29999.0,7.0003,-10.0
4782.400000000269,0.0,0.0,0.0,39633278902208226,B,29999.0,7.0003,-10.0
4783.200000000269,0.0,0.0,0.0,39633278902208226,B,29999.0,7.0003,-10.0
4784.000000000269,0.0,0.0,0.0,39633278902208226,B,29999.0,7.0003,-10.0
4784.800000000269,0.0,0.0,0.0,39633278902208226,B,29999.0,7.0003,-10.0
4785.60000000027,0.0,0.0,0.0,39633278902208226,B,29999.0,7.0003,-10.0
4786.40000000027,0.0,0.0,0.0,39633278902208226,B,29999.0,7.0003,-10.0
4787.20000000027,0.0,0.0,0.0,39633278902208226,B,29999.0,7.0003,-10.0
4788.00000000027,0.0,0.0,0.0,39633278902208226,B,29999.0,7.0003,-10.0
4788.80000000027,0.0,0.0,0.0,39633278902208226,B,29999.0,7.0003,-10.0
4789.6000000002705,0.0,0.0,0.0,39633278902208226,B,29999.0,7.0003,-10.0
4790.400000000271,0.0,0.0,0.0,39633278902208226,B,29999.0,7.0003,-10.0
4791.200000000271,0.0,0.0,0.0,39633278902208226,B,29999.0,7.0003,-10.0
4792.000000000271,0.0,0.0,0.0,39633278902208226,B,29999.0,7.0003,-10.0
4792.800000000271,0.0,0.0,0.0,39633278902208226,B,29999.0,7.0003,-10.0
4793.600000000271,0.0,0.0,0.0,39633278902208226,B,29999.0,7.0003,-10.0
4794.400000000272,0.0,0.0,0.0,39633278902208226,B,29999.0,7.0003,-10.0
4795.200000000272,0.0,0.0,0.0,39633278902208226,B,29999.0,7.0003,-10.0
4796.000000000272,0.0,0.0,0.0,39633278902208226,B,29999.0,7.0003,-10.0
4796.800000000272,0.0,0.0,0.0,39633278902208226,B,29999.0,7.0003,-10.0
4797.600000000272,0.0,0.0,0.0,39633278902208226,B,29999.0,7.0003,-10.0
4798.4000000002725,0.0,0.0,0.0,39633278902208226,B,29999.0,7.0003,-10.0
4799.200000000273,0.0,0.0,0.0,39633278902208226,B,29999.0,7.0003,-10.0
4800.000000000273,0.0,0.0,0.0,39633278902208226,B,29999.0,7.0003,-10.0
4800.800000000273,0.0,0.0,0.0,39633278902208226,B,29999.0,7.0003,-10.0
4801.600000000273,0.0,0.0,0.0,39633278902208226,B,29999.0,7.0003,-10.0
4802.400000000273,0.0,0.0,0.0,39633278902208226,B,29999.0,7.0003,-10.0
4803.200000000274,0.0,0.0,0.0,39633278902208226,B,29999.0,7.0003,-10.0
4804.000000000274,0.0,0.0,0.0,39633278902208226,B,29999.0,7.0003,-10.0
4804.800000000274,0.0,0.0,0.0,39633278902208226,B,29999.0,7.0003,-10.0
4805.600000000274,0.0,0.0,0.0,39633278902208226,B,29999.0,7.0003,-10.0
4806.400000000274,0.0,0.0,0.0,39633278902208226,B,29999.0,7.0003,-10.0
4807.2000000002745,0.0,0.0,0.0,39633278902208226,B,29999.0,7.0003,-10.0
4808.000000000275,0.0,0.0,0.0,39633278902208226,B,29999.0,7.0003,-10.0
4808.800000000275,0.0,0.0,0.0,39633278902208226,B,29999.0,7.0003,-10.0
4809.600000000275,0.0,0.0,0.0,39633278902208226,B,29999.0,7.0003,-10.0
4810.400000000275,0.0,0.0,0.0,39633278902208226,B,29999.0,7.0003,-10.0
4811.200000000275,0.0,0.0,0.0,39633278902208226,B,29999.0,7.0003,-10.0
4812.000000000276,0.0,0.0,0.0,39633278902208226,B,29999.0,7.0003,-10.0
4812.800000000276,0.0,0.0,0.0,39633278902208226,B,29999.0,7.0003,-10.0
4813.600000000276,0.0,0.0,0.0,39633278902208226,B,29999.0,7.0003,-10.0
4814.400000000276,0.0,0.0,0.0,39633278902208226,B,29999.0,7.0003,-10.0
4815.200000000276,0.0,0.0,0.0,39633278902208226,B,29999.0,7.0003,-10.0
4816.0000000002765,0.0,0.0,0.0,39633278902208226,B,29999.0,7.0003,-10.0
4816.800000000277,0.0,0.0,0.0,39633278902208226,B,29999.0,7.0003,-10.0
4817.600000000277,0.0,0.0,0.0,39633278902208226,B,29999.0,7.0003,-10.0
4818.400000000277,0.0,0.0,0.0,39633278902208226,B,29999.0,7.0003,-10.0
4819.200000000277,0.0,0.0,0.0,39633278902208226,B,29999.0,7.0003,-10.0
4820.000000000277,0.0,0.0,0.0,39633278902208226,B,29999.0,7.0003,-10.0
4820.800000000278,0.0,0.0,0.0,39633278902208226,B,29999.0,7.0003,-10.0
4821.600000000278,0.0,0.0,0.0,39633278902208226,B,29999.0,7.0003,-10.0
4822.400000000278,0.0,0.0,0.0,39633278902208226,B,29999.0,7.0003,-10.0
4823.200000000278,0.0,0.0,0.0,39633278902208226,B,29999.0,7.0003,-10.0
4824.000000000278,0.0,0.0,0.0,39633278902208226,B,29999.0,7.0003,-10.0
4824.8000000002785,0.0,0.0,0.0,39633278902208226,B,29999.0,7.0003,-10.0
4825.600000000279,0.0,0.0,0.0,39633278902208226,B,29999.0,7.0003,-10.0
4826.400000000279,0.0,0.0,0.0,39633278902208226,B,29999.0,7.0003,-10.0
4827.200000000279,0.0,0.0,0.0,39633278902208226,B,29999.0,7.0003,-10.0
4828.000000000279,0.0,0.0,0.0,39633278902208226,B,29999.0,7.0003,-10.0
4828.800000000279,0.0,0.0,0.0,39633278902208226,B,29999.0,7.0003,-10.0
4829.60000000028,0.0,0.0,0.0,39633278902208226,B,29999.0,7.0003,-10.0
4830.40000000028,0.0,0.0,0.0,39633278902208226,B,29999.0,7.0003,-10.0
4831.20000000028,0.0,0.0,0.0,39633278902208226,B,29999.0,7.0003,-10.0
4832.00000000028,0.0,0.0,0.0,39633278902208226,B,29999.0,7.0003,-10.0
4832.80000000028,0.0,0.0,0.0,39633278902208226,B,29999.0,7.0003,-10.0
4833.6000000002805,0.0,0.0,0.0,39633278902208226,B,29999.0,7.0003,-10.0
4834.400000000281,0.0,0.0,0.0,39633278902208226,B,29999.0,7.0003,-10.0
4835.200000000281,0.0,0.0,0.0,39633278902208226,B,29999.0,7.0003,-10.0
4836.000000000281,0.0,0.0,0.0,39633278902208226,B,29999.0,7.0003,-10.0
4836.800000000281,0.0,0.0,0.0,39633278902208226,B,29999.0,7.0003,-10.0
4837.600000000281,0.0,0.0,0.0,39633278902208226,B,29999.0,7.0003,-10.0
4838.400000000282,0.0,0.0,0.0,39633278902208226,B,29999.0,7.0003,-10.0
4839.200000000282,0.0,0.0,0.0,39633278902208226,B,29999.0,7.0003,-10.0
4840.000000000282,0.0,0.0,0.0,39633278902208226,B,29999.0,7.0003,-10.0
4840.800000000282,0.0,0.0,0.0,39633278902208226,B,29999.0,7.0003,-10.0
4841.600000000282,0.0,0.0,0.0,39633278902208226,B,29999.0,7.0003,-10.0
4842.4000000002825,0.0,0.0,0.0,39633278902208226,B,29999.0,7.0003,-10.0
4843.200000000283,0.0,0.0,0.0,39633278902208226,B,29999.0,7.0003,-10.0
4844.000000000283,0.0,0.0,0.0,39633278902208226,B,29999.0,7.0003,-10.0
4844.800000000283,0.0,0.0,0.0,39633278902208226,B,29999.0,7.0003,-10.0
4845.600000000283,0.0,0.0,0.0,39633278902208226,B,29999.0,7.0003,-10.0
4846.400000000283,0.0,0.0,0.0,39633278902208226,B,29999.0,7.0003,-10.0
4847.200000000284,0.0,0.0,0.0,39633278902208226,B,29999.0,7.0003,-10.0
4848.000000000284,0.0,0.0,0.0,39633278902208226,B,29999.0,7.0003,-10.0
4848.800000000284,0.0,0.0,0.0,39633278902208226,B,29999.0,7.0003,-10.0
4849.600000000284,0.0,0.0,0.0,39633278902208226,B,29999.0,7.0003,-10.0
4850.400000000284,0.0,0.0,0.0,39633278902208226,B,29999.0,7.0003,-10.0
4851.2000000002845,0.0,0.0,0.0,39633278902208226,B,29999.0,7.0003,-10.0
4852.000000000285,0.0,0.0,0.0,39633278902208226,B,29999.0,7.0003,-10.0
4852.800000000285,0.0,0.0,0.0,39633278902208226,B,29999.0,7.0003,-10.0
4853.600000000285,0.0,0.0,0.0,39633278902208226,B,29999.0,7.0003,-10.0
4854.400000000285,0.0,0.0,0.0,39633278902208226,B,29999.0,7.0003,-10.0
4855.200000000285,0.0,0.0,0.0,39633278902208226,B,29999.0,7.0003,-10.0
4856.000000000286,0.0,0.0,0.0,39633278902208226,B,29999.0,7.0003,-10.0
4856.800000000286,0.0,0.0,0.0,39633278902208226,B,29999.0,7.0003,-10.0
4857.600000000286,0.0,0.0,0.0,39633278902208226,B,29999.0,7.0003,-10.0
4858.400000000286,0.0,0.0,0.0,39633278902208226,B,29999.0,7.0003,-10.0
4859.200000000286,0.0,0.0,0.0,39633278902208226,B,29999.0,7.0003,-10.0
4860.0000000002865,0.0,0.0,0.0,39633278902208226,B,29999.0,7.0003,-10.0
4860.800000000287,0.0,0.0,0.0,39633278902208226,B,29999.0,7.0003,-10.0
4861.600000000287,0.0,0.0,0.0,39633278902208226,B,29999.0,7.0003,-10.0
4862.400000000287,0.0,0.0,0.0,39633278902208226,B,29999.0,7.0003,-10.0
4863.200000000287,0.0,0.0,0.0,39633278902208226,B,29999.0,7.0003,-10.0
4864.000000000287,0.0,0.0,0.0,39633278902208226,B,29999.0,7.0003,-10.0
4864.800000000288,0.0,0.0,0.0,39633278902208226,B,29999.0,7.0003,-10.0
4865.600000000288,0.0,0.0,0.0,39633278902208226,B,29999.0,7.0003,-10.0
4866.400000000288,0.0,0.0,0.0,39633278902208226,B,29999.0,7.0003,-10.0
4867.200000000288,0.0,0.0,0.0,39633278902208226,B,29999.0,7.0003,-10.0
4868.000000000288,0.0,0.0,0.0,39633278902208226,B,29999.0,7.0003,-10.0
4868.8000000002885,0.0,0.0,0.0,39633278902208226,B,29999.0,7.0003,-10.0
4869.600000000289,0.0,0.0,0.0,39633278902208226,B,29999.0,7.0003,-10.0
4870.400000000289,0.0,0.0,0.0,39633278902208226,B,29999.0,7.0003,-10.0
4871.200000000289,0.0,0.0,0.0,39633278902208226,B,29999.0,7.0003,-10.0
4872.000000000289,0.0,0.0,0.0,39633278902208226,B,29999.0,7.0003,-10.0
4872.800000000289,0.0,0.0,0.0,39633278902208226,B,29999.0,7.0003,-10.0
4873.60000000029,0.0,0.0,0.0,39633278902208226,B,29999.0,7.0003,-10.0
4874.40000000029,0.0,0.0,0.0,39633278902208226,B,29999.0,7.0003,-10.0
4875.20000000029,0.0,0.0,0.0,39633278902208226,B,29999.0,7.0003,-10.0
4876.00000000029,0.0,0.0,0.0,39633278902208226,B,29999.0,7.0003,-10.0
4876.80000000029,0.0,0.0,0.0,39633278902208226,B,29999.0,7.0003,-10.0
4877.6000000002905,0.0,0.0,0.0,39633278902208226,B,29999.0,7.0003,-10.0
4878.400000000291,0.0,0.0,0.0,39633278902208226,B,29999.0,7.0003,-10.0
4879.200000000291,0.0,0.0,0.0,39633278902208226,B,29999.0,7.0003,-10.0
4880.000000000291,0.0,0.0,0.0,39633278902208226,B,29999.0,7.0003,-10.0
4880.800000000291,0.0,0.0,0.0,39633278902208226,B,29999.0,7.0003,-10.0
4881.600000000291,0.0,0.0,0.0,39633278902208226,B,29999.0,7.0003,-10.0
4882.400000000292,0.0,0.0,0.0,39633278902208226,B,29999.0,7.0003,-10.0
4883.200000000292,0.0,0.0,0.0,39633278902208226,B,29999.0,7.0003,-10.0
4884.000000000292,0.0,0.0,0.0,39633278902208226,B,29999.0,7.0003,-10.0
4884.800000000292,0.0,0.0,0.0,39633278902208226,B,29999.0,7.0003,-10.0
4885.600000000292,0.0,0.0,0.0,39633278902208226,B,29999.0,7.0003,-10.0
4886.4000000002925,0.0,0.0,0.0,39633278902208226,B,29999.0,7.0003,-10.0
4887.200000000293,0.0,0.0,0.0,39633278902208226,B,29999.0,7.0003,-10.0
4888.000000000293,0.0,0.0,0.0,39633278902208226,B,29999.0,7.0003,-10.0
4888.800000000293,0.0,0.0,0.0,39633278902208226,B,29999.0,7.0003,-10.0
4889.600000000293,0.0,0.0,0.0,39633278902208226,B,29999.0,7.0003,-10.0
4890.400000000293,0.0,0.0,0.0,39633278902208226,B,29999.0,7.0003,-10.0
4891.200000000294,0.0,0.0,0.0,39633278902208226,B,29999.0,7.0003,-10.0
4892.000000000294,0.0,0.0,0.0,39633278902208226,B,29999.0,7.0003,-10.0
4892.800000000294,0.0,0.0,0.0,39633278902208226,B,29999.0,7.0003,-10.0
4893.600000000294,0.0,0.0,0.0,39633278902208226,B,29999.0,7.0003,-10.0
4894.400000000294,0.0,0.0,0.0,39633278902208226,B,29999.0,7.0003,-10.0
4895.2000000002945,0.0,0.0,0.0,39633278902208226,B,29999.0,7.0003,-10.0
4896.000000000295,0.0,0.0,0.0,39633278902208226,B,29999.0,7.0003,-10.0
4896.800000000295,0.0,0.0,0.0,39633278902208226,B,29999.0,7.0003,-10.0
4897.600000000295,0.0,0.0,0.0,39633278902208226,B,29999.0,7.0003,-10.0
4898.400000000295,0.0,0.0,0.0,39633278902208226,B,29999.0,7.0003,-10.0
4899.200000000295,0.0,0.0,0.0,39633278902208226,B,29999.0,7.0003,-10.0
4900.000000000296,0.0,0.0,0.0,39633278902208226,B,29999.0,7.0003,-10.0
4900.800000000296,0.0,0.0,0.0,39633278902208226,B,29999.0,7.0003,-10.0
4901.600000000296,0.0,0.0,0.0,39633278902208226,B,29999.0,7.0003,-10.0
4902.400000000296,0.0,0.0,0.0,39633278902208226,B,29999.0,7.0003,-10.0
4903.200000000296,0.0,0.0,0.0,39633278902208226,B,29999.0,7.0003,-10.0
4904.0000000002965,0.0,0.0,0.0,39633278902208226,B,29999.0,7.0003,-10.0
4904.800000000297,0.0,0.0,0.0,39633278902208226,B,29999.0,7.0003,-10.0
4905.600000000297,0.0,0.0,0.0,39633278902208226,B,29999.0,7.0003,-10.0
4906.400000000297,0.0,0.0,0.0,39633278902208226,B,29999.0,7.0003,-10.0
4907.200000000297,0.0,0.0,0.0,39633278902208226,B,29999.0,7.0003,-10.0
4908.000000000297,0.0,0.0,0.0,39633278902208226,B,29999.0,7.0003,-10.0
4908.800000000298,0.0,0.0,0.0,39633278902208226,B,29999.0,7.0003,-10.0
4909.600000000298,0.0,0.0,0.0,39633278902208226,B,29999.0,7.0003,-10.0
4910.400000000298,0.0,0.0,0.0,39633278902208226,B,29999.0,7.0003,-10.0
4911.200000000298,0.0,0.0,0.0,39633278902208226,B,29999.0,7.0003,-10.0
4912.000000000298,0.0,0.0,0.0,39633278902208226,B,29999.0,7.0003,-10.0
4912.8000000002985,0.0,0.0,0.0,39633278902208226,B,29999.0,7.0003,-10.0
4913.600000000299,0.0,0.0,0.0,39633278902208226,B,29999.0,7.0003,-10.0
4914.400000000299,0.0,0.0,0.0,39633278902208226,B,29999.0,7.0003,-10.0
4915.200000000299,0.0,0.0,0.0,39633278902208226,B,29999.0,7.0003,-10.0
4916.000000000299,0.0,0.0,0.0,39633278902208226,B,29999.0,7.0003,-10.0
4916.800000000299,0.0,0.0,0.0,39633278902208226,B,29999.0,7.0003,-10.0
4917.6000000003,0.0,0.0,0.0,39633278902208226,B,29999.0,7.0003,-10.0
4918.4000000003,0.0,0.0,0.0,39633278902208226,B,29999.0,7.0003,-10.0
4919.2000000003,0.0,0.0,0.0,39633278902208226,B,29999.0,7.0003,-10.0
4920.0000000003,0.0,0.0,0.0,39633278902208226,B,29999.0,7.0003,-10.0
4920.8000000003,0.0,0.0,0.0,39633278902208226,B,29999.0,7.0003,-10.0
4921.6000000003005,0.0,0.0,0.0,39633278902208226,B,29999.0,7.0003,-10.0
4922.400000000301,0.0,0.0,0.0,39633278902208226,B,29999.0,7.0003,-10.0
4923.200000000301,0.0,0.0,0.0,39633278902208226,B,29999.0,7.0003,-10.0
4924.000000000301,0.0,0.0,0.0,39633278902208226,B,29999.0,7.0003,-10.0
4924.800000000301,0.0,0.0,0.0,39633278902208226,B,29999.0,7.0003,-10.0
4925.600000000301,0.0,0.0,0.0,39633278902208226,B,29999.0,7.0003,-10.0
4926.400000000302,0.0,0.0,0.0,39633278902208226,B,29999.0,7.0003,-10.0
4927.200000000302,0.0,0.0,0.0,39633278902208226,B,29999.0,7.0003,-10.0
4928.000000000302,0.0,0.0,0.0,39633278902208226,B,29999.0,7.0003,-10.0
4928.800000000302,0.0,0.0,0.0,39633278902208226,B,29999.0,7.0003,-10.0
4929.600000000302,0.0,0.0,0.0,39633278902208226,B,29999.0,7.0003,-10.0
4930.4000000003025,0.0,0.0,0.0,39633278902208226,B,29999.0,7.0003,-10.0
4931.200000000303,0.0,0.0,0.0,39633278902208226,B,29999.0,7.0003,-10.0
4932.000000000303,0.0,0.0,0.0,39633278902208226,B,29999.0,7.0003,-10.0
4932.800000000303,0.0,0.0,0.0,39633278902208226,B,29999.0,7.0003,-10.0
4933.600000000303,0.0,0.0,0.0,39633278902208226,B,29999.0,7.0003,-10.0
4934.400000000303,0.0,0.0,0.0,39633278902208226,B,29999.0,7.0003,-10.0
4935.200000000304,0.0,0.0,0.0,39633278902208226,B,29999.0,7.0003,-10.0
4936.000000000304,0.0,0.0,0.0,39633278902208226,B,29999.0,7.0003,-10.0
4936.800000000304,0.0,0.0,0.0,39633278902208226,B,29999.0,7.0003,-10.0
4937.600000000304,0.0,0.0,0.0,39633278902208226,B,29999.0,7.0003,-10.0
4938.400000000304,0.0,0.0,0.0,39633278902208226,B,29999.0,7.0003,-10.0
4939.2000000003045,0.0,0.0,0.0,39633278902208226,B,29999.0,7.0003,-10.0
4940.000000000305,0.0,0.0,0.0,39633278902208226,B,29999.0,7.0003,-10.0
4940.800000000305,0.0,0.0,0.0,39633278902208226,B,29999.0,7.0003,-10.0
4941.600000000305,0.0,0.0,0.0,39633278902208226,B,29999.0,7.0003,-10.0
4942.400000000305,0.0,0.0,0.0,39633278902208226,B,29999.0,7.0003,-10.0
4943.200000000305,0.0,0.0,0.0,39633278902208226,B,29999.0,7.0003,-10.0
4944.000000000306,0.0,0.0,0.0,39633278902208226,B,29999.0,7.0003,-10.0
4944.800000000306,0.0,0.0,0.0,39633278902208226,B,29999.0,7.0003,-10.0
4945.600000000306,0.0,0.0,0.0,39633278902208226,B,29999.0,7.0003,-10.0
4946.400000000306,0.0,0.0,0.0,39633278902208226,B,29999.0,7.0003,-10.0
4947.200000000306,0.0,0.0,0.0,39633278902208226,B,29999.0,7.0003,-10.0
4948.0000000003065,0.0,0.0,0.0,39633278902208226,B,29999.0,7.0003,-10.0
4948.800000000307,0.0,0.0,0.0,39633278902208226,B,29999.0,7.0003,-10.0
4949.600000000307,0.0,0.0,0.0,39633278902208226,B,29999.0,7.0003,-10.0
4950.400000000307,0.0,0.0,0.0,39633278902208226,B,29999.0,7.0003,-10.0
4951.200000000307,0.0,0.0,0.0,39633278902208226,B,29999.0,7.0003,-10.0
4952.000000000307,0.0,0.0,0.0,39633278902208226,B,29999.0,7.0003,-10.0
4952.800000000308,0.0,0.0,0.0,39633278902208226,B,29999.0,7.0003,-10.0
4953.600000000308,0.0,0.0,0.0,39633278902208226,B,29999.0,7.0003,-10.0
4954.400000000308,0.0,0.0,0.0,39633278902208226,B,29999.0,7.0003,-10.0
4955.200000000308,0.0,0.0,0.0,39633278902208226,B,29999.0,7.0003,-10.0
4956.000000000308,0.0,0.0,0.0,39633278902208226,B,29999.0,7.0003,-10.0
4956.8000000003085,0.0,0.0,0.0,39633278902208226,B,29999.0,7.0003,-10.0
4957.600000000309,0.0,0.0,0.0,39633278902208226,B,29999.0,7.0003,-10.0
4958.400000000309,0.0,0.0,0.0,39633278902208226,B,29999.0,7.0003,-10.0
4959.200000000309,0.0,0.0,0.0,39633278902208226,B,29999.0,7.0003,-10.0
4960.000000000309,0.0,0.0,0.0,39633278902208226,B,29999.0,7.0003,-10.0
4960.800000000309,0.0,0.0,0.0,39633278902208226,B,29999.0,7.0003,-10.0
4961.60000000031,0.0,0.0,0.0,39633278902208226,B,29999.0,7.0003,-10.0
4962.40000000031,0.0,0.0,0.0,39633278902208226,B,29999.0,7.0003,-10.0
4963.20000000031,0.0,0.0,0.0,39633278902208226,B,29999.0,7.0003,-10.0
4964.00000000031,0.0,0.0,0.0,39633278902208226,B,29999.0,7.0003,-10.0
4964.80000000031,0.0,0.0,0.0,39633278902208226,B,29999.0,7.0003,-10.0
4965.6000000003105,0.0,0.0,0.0,39633278902208226,B,29999.0,7.0003,-10.0
4966.400000000311,0.0,0.0,0.0,39633278902208226,B,29999.0,7.0003,-10.0
4967.200000000311,0.0,0.0,0.0,39633278902208226,B,29999.0,7.0003,-10.0
4968.000000000311,0.0,0.0,0.0,39633278902208226,B,29999.0,7.0003,-10.0
4968.800000000311,0.0,0.0,0.0,39633278902208226,B,29999.0,7.0003,-10.0
4969.600000000311,0.0,0.0,0.0,39633278902208226,B,29999.0,7.0003,-10.0
4970.400000000312,0.0,0.0,0.0,39633278902208226,B,29999.0,7.0003,-10.0
4971.200000000312,0.0,0.0,0.0,39633278902208226,B,29999.0,7.0003,-10.0
4972.000000000312,0.0,0.0,0.0,39633278902208226,B,29999.0,7.0003,-10.0
4972.800000000312,0.0,0.0,0.0,39633278902208226,B,29999.0,7.0003,-10.0
4973.600000000312,0.0,0.0,0.0,39633278902208226,B,29999.0,7.0003,-10.0
4974.4000000003125,0.0,0.0,0.0,39633278902208226,B,29999.0,7.0003,-10.0
4975.200000000313,0.0,0.0,0.0,39633278902208226,B,29999.0,7.0003,-10.0
4976.000000000313,0.0,0.0,0.0,39633278902208226,B,29999.0,7.0003,-10.0
4976.800000000313,0.0,0.0,0.0,39633278902208226,B,29999.0,7.0003,-10.0
4977.600000000313,0.0,0.0,0.0,39633278902208226,B,29999.0,7.0003,-10.0
4978.400000000313,0.0,0.0,0.0,39633278902208226,B,29999.0,7.0003,-10.0
4979.200000000314,0.0,0.0,0.0,39633278902208226,B,29999.0,7.0003,-10.0
4980.000000000314,0.0,0.0,0.0,39633278902208226,B,29999.0,7.0003,-10.0
4980.800000000314,0.0,0.0,0.0,39633278902208226,B,29999.0,7.0003,-10.0
4981.600000000314,0.0,0.0,0.0,39633278902208226,B,29999.0,7.0003,-10.0
4982.400000000314,0.0,0.0,0.0,39633278902208226,B,29999.0,7.0003,-10.0
4983.2000000003145,0.0,0.0,0.0,39633278902208226,B,29999.0,7.0003,-10.0
4984.000000000315,0.0,0.0,0.0,39633278902208226,B,29999.0,7.0003,-10.0
4984.800000000315,0.0,0.0,0.0,39633278902208226,B,29999.0,7.0003,-10.0
4985.600000000315,0.0,0.0,0.0,39633278902208226,B,29999.0,7.0003,-10.0
4986.400000000315,0.0,0.0,0.0,39633278902208226,B,29999.0,7.0003,-10.0
4987.200000000315,0.0,0.0,0.0,39633278902208226,B,29999.0,7.0003,-10.0
4988.000000000316,0.0,0.0,0.0,39633278902208226,B,29999.0,7.0003,-10.0
4988.800000000316,0.0,0.0,0.0,39633278902208226,B,29999.0,7.0003,-10.0
4989.600000000316,0.0,0.0,0.0,39633278902208226,B,29999.0,7.0003,-10.0
4990.400000000316,0.0,0.0,0.0,39633278902208226,B,29999.0,7.0003,-10.0
4991.200000000316,0.0,0.0,0.0,39633278902208226,B,29999.0,7.0003,-10.0
4992.0000000003165,0.0,0.0,0.0,39633278902208226,B,29999.0,7.0003,-10.0
4992.800000000317,0.0,0.0,0.0,39633278902208226,B,29999.0,7.0003,-10.0
4993.600000000317,0.0,0.0,0.0,39633278902208226,B,29999.0,7.0003,-10.0
4994.400000000317,0.0,0.0,0.0,39633278902208226,B,29999.0,7.0003,-10.0
4995.200000000317,0.0,0.0,0.0,39633278902208226,B,29999.0,7.0003,-10.0
4996.000000000317,0.0,0.0,0.0,39633278902208226,B,29999.0,7.0003,-10.0
4996.800000000318,0.0,0.0,0.0,39633278902208226,B,29999.0,7.0003,-10.0
4997.600000000318,0.0,0.0,0.0,39633278902208226,B,29999.0,7.0003,-10.0
4998.400000000318,0.0,0.0,0.0,39633278902208226,B,29999.0,7.0003,-10.0
4999.200000000318,0.0,0.0,0.0,39633278902208226,B,29999.0,7.0003,-10.0
